date,min,max,median,q1,q3,stdev,count
2020-07-06T00:00:00.000Z,0.5,1.77,0.8,0.7,0.99,0.294,21
2020-07-07T00:00:00.000Z,0.07,4.57,0.6,0.4,0.77,0.414,439
2020-07-08T00:00:00.000Z,0.2,11.83,0.8,0.6,1.07,1.035,438
2020-07-09T00:00:00.000Z,0.2,12.53,0.6,0.4,1.1,1.192,470
2020-07-10T00:00:00.000Z,0.52,11.43,1.5,1.1,2.09,1.209,461
2020-07-11T00:00:00.000Z,0.4,5.17,1.1,0.8,1.63,0.654,339
2020-07-12T00:00:00.000Z,0.3,1.73,0.8,0.63,1,0.273,201
2020-07-13T00:00:00.000Z,0.2,47.6,1.2,0.87,1.82,4.043,289
2020-07-14T00:00:00.000Z,1,17.8,2.17,1.7,2.9,1.737,444
2020-07-15T00:00:00.000Z,0.93,16.73,2.7,1.83,4.3,1.836,354
2020-07-16T00:00:00.000Z,0.9,67.67,1.87,1.4,7.43,5.041,335
2020-07-17T00:00:00.000Z,0.6,32.1,1.57,1.3,1.87,1.604,493
2020-07-18T00:00:00.000Z,0.7,6.33,1.8,1.43,2.43,1.024,459
2020-07-19T00:00:00.000Z,1.2,12.83,4.33,1.87,5.93,2.161,171
2020-07-20T00:00:00.000Z,0.7,8.69,2.69,1.5,3.67,1.704,202
2020-07-21T00:00:00.000Z,0.1,6.1,0.83,0.6,1,0.57,264
2020-07-22T00:00:00.000Z,0.03,19.63,0.4,0.3,0.53,1.228,276
2020-07-23T00:00:00.000Z,0.03,3.8,0.3,0.2,0.4,0.34,298
2020-07-24T00:00:00.000Z,0,2.29,0.4,0.3,0.6,0.312,369
2020-07-25T00:00:00.000Z,0.1,2.06,0.4,0.22,1.4,0.618,77
2020-07-26T00:00:00.000Z,0.43,14.7,1.2,0.9,1.7,0.88,422
2020-07-27T00:00:00.000Z,1.23,16.47,2.8,2.1,3.93,1.787,279
2020-07-28T00:00:00.000Z,1.37,34.77,3.09,2.25,6.62,4.342,420
2020-07-29T00:00:00.000Z,0.4,4.07,1.4,1,2.5,0.873,312
2020-07-30T00:00:00.000Z,0.37,4.3,1.4,0.99,2.4,0.99,396
2020-07-31T00:00:00.000Z,0.6,7,2.57,1.63,4.3,1.468,389
2020-08-01T00:00:00.000Z,1.23,34.03,2.9,2.17,4.9,2.566,422
2020-08-02T00:00:00.000Z,0.68,15.4,2.87,1.7,4.2,1.615,419
2020-08-03T00:00:00.000Z,0.4,20.7,1.49,0.93,2.13,1.28,412
2020-08-04T00:00:00.000Z,0.03,14.63,0.69,0.37,1,0.831,470
2020-08-05T00:00:00.000Z,0.3,11.7,1.2,1,1.4,0.648,514
2020-08-06T00:00:00.000Z,0.9,13.2,1.77,1.43,2.31,0.908,384
2020-08-07T00:00:00.000Z,0.4,11.27,2.17,1.67,3.45,1.31,521
2020-08-08T00:00:00.000Z,1,9.19,2,1.6,3.23,1.086,469
2020-08-09T00:00:00.000Z,0.6,6.3,1.83,1.4,3.97,1.48,527
2020-08-10T00:00:00.000Z,0.4,26.7,1.17,1,1.4,1.507,534
2020-08-11T00:00:00.000Z,0.53,13.93,1.3,1.1,1.57,1,522
2020-08-12T00:00:00.000Z,0.9,10.19,1.5,1.33,1.73,0.752,517
2020-08-13T00:00:00.000Z,1.6,14.3,3.53,3,4.76,1.801,533
2020-08-14T00:00:00.000Z,2.37,63.9,4.5,3.65,5.5,3.274,476
2020-08-15T00:00:00.000Z,2.5,14.27,4.67,3.6,5.35,1.093,536
2020-08-16T00:00:00.000Z,0.6,17.67,4.78,1.1,7.53,3.099,536
2020-08-17T00:00:00.000Z,1.03,17.3,3.6,2.33,5.17,1.73,534
2020-08-18T00:00:00.000Z,1.97,10.43,4.2,3.23,5.3,1.566,526
2020-08-19T00:00:00.000Z,1.9,43.83,3.6,2.83,5.62,4.073,521
2020-08-20T00:00:00.000Z,1.27,8.93,2.8,2.47,3.3,1.056,523
2020-08-21T00:00:00.000Z,1.77,59.3,4.53,3.5,7.6,3.805,517
2020-08-22T00:00:00.000Z,1.27,9.23,3.6,2.1,5,1.796,476
2020-08-23T00:00:00.000Z,0.9,3.87,1.67,1.4,2.1,0.529,497
2020-08-24T00:00:00.000Z,0.1,4.97,1.1,0.6,2.2,0.912,412
2020-08-25T00:00:00.000Z,0.2,8.97,0.67,0.5,0.8,0.559,435
2020-08-26T00:00:00.000Z,0.3,16.67,0.9,0.67,1.21,1.107,448
2020-08-27T00:00:00.000Z,0.2,8.83,0.8,0.6,1.1,0.634,511
2020-08-28T00:00:00.000Z,0.2,12.2,0.9,0.63,1.6,1.141,463
2020-08-29T00:00:00.000Z,0.47,3.63,1.5,0.93,1.92,0.616,472
2020-08-30T00:00:00.000Z,0.4,8.63,1.67,1.1,2.6,1.641,480
2020-08-31T00:00:00.000Z,0.1,61.8,0.83,0.6,1.4,2.998,434
2020-09-01T00:00:00.000Z,0.73,16.32,2.1,1.5,2.74,1.224,401
2020-09-02T00:00:00.000Z,0.6,5.43,2.47,2,3.51,1.077,473
2020-09-03T00:00:00.000Z,1.9,51.73,5.97,4.67,8.15,3.085,465
2020-09-04T00:00:00.000Z,0.93,283.27,2.43,1.6,6.37,32.89,475
2020-09-05T00:00:00.000Z,0.6,7.8,1.7,1.25,2.29,0.711,481
2020-09-06T00:00:00.000Z,0.2,4.13,0.95,0.6,1.47,0.573,474
2020-09-07T00:00:00.000Z,0.2,6.03,0.73,0.5,1.4,0.916,442
2020-09-08T00:00:00.000Z,0.3,6.1,0.9,0.6,1.33,0.641,360
2020-09-09T00:00:00.000Z,0,4.53,2.77,0.9,3.4,1.333,403
2020-09-10T00:00:00.000Z,0.07,18.77,0.4,0.23,0.6,1.922,340
2020-09-11T00:00:00.000Z,0.2,4.8,1,0.63,1.6,0.718,287
2020-09-12T00:00:00.000Z,1.43,16.93,3.5,2.9,4.3,1.326,291
2020-09-13T00:00:00.000Z,0.47,4.63,2.4,1.6,2.97,0.849,312
2020-09-14T00:00:00.000Z,0.5,9.67,2.5,1.3,2.9,1.022,254
2020-09-15T00:00:00.000Z,2.23,26.37,5,4.26,5.63,1.82,239
2020-09-16T00:00:00.000Z,0.1,0.63,0.2,0.17,0.32,0.13,13
2020-09-17T00:00:00.000Z,0.2,1.97,0.63,0.5,0.83,0.266,111
2020-09-18T00:00:00.000Z,0.2,2.9,1.1,0.8,1.3,0.431,326
2020-09-19T00:00:00.000Z,0.33,4,1.07,0.83,1.4,0.653,310
2020-09-20T00:00:00.000Z,0.7,3.1,1.8,1.43,2.17,0.484,243
2020-09-21T00:00:00.000Z,1.4,10.57,2.42,2,3.1,0.845,216
2020-09-22T00:00:00.000Z,1,13.63,1.93,1.6,3.77,3.777,337
2020-09-23T00:00:00.000Z,3.97,41.13,10.52,6.1,13.9,9.103,446
2020-09-24T00:00:00.000Z,5.43,55.43,18.17,10.02,26.43,12.201,465
2020-09-25T00:00:00.000Z,1.53,19.27,4.59,3.13,5.63,2.747,347
2020-09-26T00:00:00.000Z,8.3,43.8,16.07,14.29,17.77,3.48,281
2020-09-27T00:00:00.000Z,5.5,24.17,15.75,10.87,20.57,5.413,230
2020-09-28T00:00:00.000Z,5.53,23.3,11.23,7,16.63,5.076,273
2020-09-29T00:00:00.000Z,1.33,18.03,5.09,3.37,9.02,3.358,254
2020-09-30T00:00:00.000Z,1.4,21.3,10.27,5,12.52,4.307,360
2020-10-01T00:00:00.000Z,3.43,21.9,9.17,5.3,10.42,3.032,301
2020-10-02T00:00:00.000Z,7.07,19.8,14.63,11.95,16.2,2.873,285
2020-10-03T00:00:00.000Z,8.1,24.53,15.67,11.42,19.02,4.625,261
2020-10-04T00:00:00.000Z,9.47,33.22,19.87,16.87,23.27,5.372,293
2020-10-05T00:00:00.000Z,0.6,16.32,3.1,1.27,6.25,3.535,316
2020-10-06T00:00:00.000Z,1.7,32.93,4.57,3.23,11.63,9.562,312
2020-10-07T00:00:00.000Z,1.3,7.9,3.2,2.43,4.03,1.114,333
2020-10-08T00:00:00.000Z,0.9,18.63,2,1.53,3.33,1.846,311
2020-10-09T00:00:00.000Z,0.4,7.93,1.3,1,1.9,1.317,360
2020-10-10T00:00:00.000Z,0.4,21.57,2.2,1.57,3.13,1.697,423
2020-10-11T00:00:00.000Z,0.4,4.83,1.1,0.83,1.37,0.5,435
2020-10-12T00:00:00.000Z,0,4.93,0.47,0.3,0.6,0.413,322
2020-10-13T00:00:00.000Z,0.13,20.8,0.8,0.6,1.1,1.155,405
2020-10-14T00:00:00.000Z,0.2,6.27,0.67,0.5,0.87,0.483,403
2020-10-15T00:00:00.000Z,0.23,19.3,0.8,0.6,1.12,1.228,414
2020-10-16T00:00:00.000Z,0.17,35.43,0.9,0.53,2.33,2.147,430
2020-10-17T00:00:00.000Z,0.1,8.86,0.6,0.5,0.8,0.486,440
2020-10-18T00:00:00.000Z,0,4.09,0.37,0.23,0.5,0.253,451
2020-10-19T00:00:00.000Z,0.03,25.87,0.5,0.3,0.7,1.298,428
2020-10-20T00:00:00.000Z,0.37,14.13,1.59,0.9,2.4,2.548,292
2020-10-21T00:00:00.000Z,7.4,29.53,17.57,14.93,19.87,4.006,347
2020-10-22T00:00:00.000Z,0.2,18.17,2.13,1.27,6.07,4.18,414
2020-10-23T00:00:00.000Z,0.07,23.53,1.47,0.8,2.25,1.505,413
2020-10-24T00:00:00.000Z,0.73,52.9,2.52,2.1,3.2,2.574,444
2020-10-25T00:00:00.000Z,0.33,13.77,5.73,2.73,7.57,3.047,478
2020-10-26T00:00:00.000Z,1.27,39.4,6.97,3.6,17.63,10.392,466
2020-10-27T00:00:00.000Z,1.2,35.13,3.85,2.5,6.17,9.376,406
2020-10-28T00:00:00.000Z,2.02,22.27,3.8,3.07,5.4,2,451
2020-10-29T00:00:00.000Z,2.63,19.73,6.32,4.8,7.73,2.425,358
2020-10-30T00:00:00.000Z,4.4,34.77,6.95,6.23,8.07,4.484,50
2020-10-31T00:00:00.000Z,2.1,9.5,4.4,3.33,5.63,1.672,297
2020-11-01T00:00:00.000Z,0.9,19.1,7.5,2.77,13.07,5.345,490
2020-11-02T00:00:00.000Z,0.3,20.53,4.17,1.83,7.45,5.064,460
2020-11-03T00:00:00.000Z,0.3,7.37,1.47,1.2,1.83,0.59,399
2020-11-04T00:00:00.000Z,1,6.7,2.33,1.87,2.83,0.805,349
2020-11-05T00:00:00.000Z,0.3,2.9,1.2,0.83,1.5,0.447,347
2020-11-06T00:00:00.000Z,0.23,5.53,0.9,0.67,1.3,0.556,347
2020-11-07T00:00:00.000Z,0.6,8.36,2,1.27,3,1.391,371
2020-11-08T00:00:00.000Z,0.5,5.8,1.77,1.1,2.6,1.096,360
2020-11-09T00:00:00.000Z,0.9,7.27,2.29,1.67,3.23,1.483,291
2020-11-10T00:00:00.000Z,1.87,9.69,3.85,3.37,4.59,1.52,336
2020-11-11T00:00:00.000Z,2.33,19.39,6.4,3.6,8.5,2.926,251
2020-11-12T00:00:00.000Z,12.25,42.97,23.12,17.43,25.85,4.778,192
2020-11-13T00:00:00.000Z,5.47,20.1,11,8.93,13.43,3.032,295
2020-11-14T00:00:00.000Z,2.77,20.2,8.33,6.5,10.3,3.682,323
2020-11-15T00:00:00.000Z,7.03,42.7,15,10.67,22.83,9.028,286
2020-11-16T00:00:00.000Z,3.63,36.9,18.38,16.95,30.14,8.312,212
2020-11-17T00:00:00.000Z,0.5,4.37,1.63,1.3,2,0.62,146
2020-11-18T00:00:00.000Z,0.1,3.2,1.4,0.7,2,0.763,239
2020-11-19T00:00:00.000Z,0,5.53,1,0.32,2.99,1.436,237
2020-11-20T00:00:00.000Z,0.17,2.47,0.56,0.4,0.77,0.336,276
2020-11-21T00:00:00.000Z,0.2,1.77,0.7,0.5,1.1,0.363,137
2020-11-22T00:00:00.000Z,0.2,3.1,1.34,0.5,1.83,0.766,66
2020-11-23T00:00:00.000Z,0.1,5.97,0.47,0.37,0.6,0.449,255
2020-11-24T00:00:00.000Z,0.2,9.4,2.35,0.82,3.49,1.942,284
2020-11-25T00:00:00.000Z,0.7,9.1,3.97,3,5.03,1.668,298
2020-11-26T00:00:00.000Z,0.7,39.29,6.02,1.9,9.19,4.693,286
2020-11-27T00:00:00.000Z,0.3,5.13,1.37,0.87,1.83,0.744,282
2020-11-28T00:00:00.000Z,0.83,5.27,2.2,1.6,3.23,0.998,283
2020-11-29T00:00:00.000Z,2.06,12.43,4,3.4,7.17,2.062,287
2020-11-30T00:00:00.000Z,1.67,13.8,5.35,3.99,7.9,2.552,260
2020-12-01T00:00:00.000Z,1.87,12.8,4.43,3.09,6.22,2.275,249
2020-12-02T00:00:00.000Z,0.8,33.22,7.5,6.1,9.67,3.743,282
2020-12-03T00:00:00.000Z,4.37,22.3,8.13,6.57,9.93,2.598,243
2020-12-04T00:00:00.000Z,0.73,14.5,5.57,3.37,8.93,3.279,267
2020-12-05T00:00:00.000Z,7.43,31.7,19.05,17.14,20.93,3.837,260
2020-12-06T00:00:00.000Z,9.8,29.63,19.39,14.13,23.15,4.889,345
2020-12-07T00:00:00.000Z,2.8,18.43,5.47,4.59,10.61,4.38,293
2020-12-08T00:00:00.000Z,3.97,11.77,6.7,6.02,7.7,1.394,285
2020-12-09T00:00:00.000Z,4.13,17.63,8.97,6.53,11.33,2.828,255
2020-12-10T00:00:00.000Z,4.13,18.67,9.9,7.2,11.7,2.603,266
2020-12-11T00:00:00.000Z,2.63,21.8,8.61,7.4,15.33,4.781,316
2020-12-12T00:00:00.000Z,5.09,19.77,11.72,8.93,13.99,3.336,316
2020-12-13T00:00:00.000Z,1.8,22.77,6.93,4.67,16.73,6.048,303
2020-12-14T00:00:00.000Z,2.93,10.9,5.03,4.59,5.75,1.332,289
2020-12-15T00:00:00.000Z,4.4,106.3,10.11,7.83,12.9,6.539,306
2020-12-16T00:00:00.000Z,0.43,14.1,2.12,1.1,3.97,3.281,312
2020-12-17T00:00:00.000Z,2.29,21.37,4.8,3.83,5.83,1.889,280
2020-12-18T00:00:00.000Z,0.1,6.57,2.1,0.63,3.5,1.599,309
2020-12-19T00:00:00.000Z,5.13,13.57,8.27,7.4,9.4,1.726,290
2020-12-20T00:00:00.000Z,3.07,25.73,12.14,8.25,15.64,5.693,304
2020-12-21T00:00:00.000Z,1.9,12.93,3.93,3.5,4.57,0.98,298
2020-12-22T00:00:00.000Z,1,29.63,4.23,3.57,6.2,2.591,284
2020-12-23T00:00:00.000Z,0.1,3.57,1.03,0.8,1.4,0.489,307
2020-12-24T00:00:00.000Z,0.2,3.8,1,0.7,1.43,0.547,285
2020-12-25T00:00:00.000Z,0.03,3.53,0.87,0.47,1.49,0.573,309
2020-12-26T00:00:00.000Z,0.77,20.97,1.9,1.6,2.49,2.422,293
2020-12-27T00:00:00.000Z,0.83,7.1,3.23,1.8,4.37,1.598,305
2020-12-28T00:00:00.000Z,0.7,11.2,5.7,4.47,7.2,1.932,293
2020-12-29T00:00:00.000Z,1.27,12.3,5.12,3.45,8.32,2.848,292
2020-12-30T00:00:00.000Z,0.5,21.2,3.1,1.7,6.6,3.371,290
2020-12-31T00:00:00.000Z,1.3,71.37,3.57,2.9,4.93,7.248,306
2021-01-01T00:00:00.000Z,2.1,61.17,3.97,3.17,5.73,14.822,289
2021-01-02T00:00:00.000Z,1.17,7.9,3.75,2.73,5,1.676,268
2021-01-03T00:00:00.000Z,0.3,3.03,1.4,1,1.6,0.429,283
2021-01-04T00:00:00.000Z,0.73,8.47,2.82,1.7,3.53,1.116,282
2021-01-05T00:00:00.000Z,0.9,5.77,2.06,1.7,2.43,0.615,270
2021-01-06T00:00:00.000Z,0.5,4.8,2.7,2.13,3.23,0.849,284
2021-01-07T00:00:00.000Z,1.27,13.57,3.17,2.2,3.9,1.356,276
2021-01-08T00:00:00.000Z,1.57,10.6,4.2,2.73,6.4,2.054,290
2021-01-09T00:00:00.000Z,2.8,25.3,6,4.5,8.47,3.443,287
2021-01-10T00:00:00.000Z,0.6,8.73,2.29,1.5,2.97,1.434,280
2021-01-11T00:00:00.000Z,0.2,13.1,1.73,0.77,3.09,1.78,265
2021-01-12T00:00:00.000Z,0.07,3.53,0.9,0.5,1.47,0.67,271
2021-01-13T00:00:00.000Z,0.2,13.43,3.87,0.93,6.43,3.262,266
2021-01-14T00:00:00.000Z,1.4,10.3,4.8,2.97,6.13,2.078,256
2021-01-15T00:00:00.000Z,0.87,4.8,2.17,1.73,2.67,0.66,278
2021-01-16T00:00:00.000Z,0.8,4.26,1.7,1.42,2,0.525,269
2021-01-17T00:00:00.000Z,0.1,6.23,2.13,1.43,3.33,1.288,252
2021-01-18T00:00:00.000Z,1.7,7.37,4.09,3.5,4.7,1.157,242
2021-01-19T00:00:00.000Z,4.4,15.73,9.83,7.82,11.32,2.535,217
2021-01-20T00:00:00.000Z,5.53,38.93,16.3,10.33,23.6,7.64,268
2021-01-21T00:00:00.000Z,1.3,21.57,3.84,2.85,8,4.469,248
2021-01-22T00:00:00.000Z,0,12.33,1.93,1.53,2.73,2.383,254
2021-01-23T00:00:00.000Z,0.4,15.87,2.2,1.54,4.12,1.853,248
2021-01-24T00:00:00.000Z,0.97,9.97,4.47,3.73,5.17,1.29,279
2021-01-25T00:00:00.000Z,0.4,7.53,1.27,0.9,1.7,0.672,243
2021-01-26T00:00:00.000Z,0.2,4.2,1.3,0.6,1.85,0.714,284
2021-01-27T00:00:00.000Z,0.67,6.33,2.1,1.45,2.72,0.917,253
2021-01-28T00:00:00.000Z,1.12,7.27,2.6,2.1,3.3,1.129,296
2021-01-29T00:00:00.000Z,1.57,8.6,3.9,3.37,4.53,0.893,282
2021-01-30T00:00:00.000Z,0.9,4.8,1.9,1.6,2.33,0.532,265
2021-01-31T00:00:00.000Z,0.7,4.5,1.4,1.12,1.97,0.69,285
2021-02-01T00:00:00.000Z,0.87,13.4,3.42,1.7,6.39,2.855,228
2021-02-02T00:00:00.000Z,0.07,9.36,3.1,2.17,5.09,2.136,251
2021-02-03T00:00:00.000Z,2,8.43,3.57,3.1,4,0.726,251
2021-02-04T00:00:00.000Z,0.73,5.3,2.1,1.77,2.75,0.794,273
2021-02-05T00:00:00.000Z,1.1,8.8,3.87,2.63,4.59,1.52,239
2021-02-06T00:00:00.000Z,0.7,3.5,1.67,1.39,1.97,0.444,249
2021-02-07T00:00:00.000Z,0.6,3.47,1.4,1.12,1.7,0.413,214
2021-02-08T00:00:00.000Z,0.3,8.17,1.1,0.83,1.4,0.77,172
2021-02-09T00:00:00.000Z,0.1,4.3,0.97,0.6,1.3,0.549,135
2021-02-10T00:00:00.000Z,1,4.59,1.7,1.53,2.1,0.652,74
2021-02-11T00:00:00.000Z,0.53,12.97,1.53,1.27,2.29,1.128,157
2021-02-12T00:00:00.000Z,0.4,9.13,1.4,1.1,1.97,0.898,260
2021-02-13T00:00:00.000Z,0.07,2.27,0.77,0.6,0.97,0.299,224
2021-02-14T00:00:00.000Z,0.2,2.63,0.7,0.5,1.17,0.517,237
2021-02-15T00:00:00.000Z,0.8,8.19,1.6,1.37,1.9,0.624,230
2021-02-16T00:00:00.000Z,0.7,4.9,2.2,1.52,2.52,0.748,201
2021-02-17T00:00:00.000Z,0.4,12.8,1.1,0.8,1.47,1.134,235
2021-02-18T00:00:00.000Z,0.47,10.1,1.93,1.27,3,1.985,271
2021-02-19T00:00:00.000Z,7.43,49,21.83,15.7,33.03,9.599,243
2021-02-20T00:00:00.000Z,2.33,16.6,4.45,3.7,8.3,3.607,254
2021-02-21T00:00:00.000Z,3.7,10.47,6.69,5.23,8.19,1.773,254
2021-02-22T00:00:00.000Z,3.83,43.33,9.77,7.67,13.35,4.512,217
2021-02-23T00:00:00.000Z,7.53,32.86,15.5,10.42,26.42,7.866,225
2021-02-24T00:00:00.000Z,2.33,23.53,9.3,5.74,17.36,5.876,225
2021-02-25T00:00:00.000Z,1.2,7.47,3.23,2.57,4.59,1.441,239
2021-02-26T00:00:00.000Z,0.1,5.63,1.8,1.07,2.4,0.936,229
2021-02-27T00:00:00.000Z,0,6.27,0.8,0.2,1.17,0.785,266
2021-02-28T00:00:00.000Z,0.56,6.67,1.6,0.87,2.62,1.134,265
2021-03-01T00:00:00.000Z,0.5,4,1.6,1.27,1.97,0.495,211
2021-03-02T00:00:00.000Z,0.4,9.19,1.72,0.9,2.83,1.685,202
2021-03-03T00:00:00.000Z,0.47,11.13,1.97,1.33,2.6,1.155,223
2021-03-04T00:00:00.000Z,0.27,35.83,1.49,0.97,2,2.722,230
2021-03-05T00:00:00.000Z,0.3,9.67,1.1,0.73,1.82,1.126,236
2021-03-06T00:00:00.000Z,0.1,1.7,0.5,0.4,0.7,0.269,236
2021-03-07T00:00:00.000Z,0.1,3.13,0.7,0.5,0.9,0.443,218
2021-03-08T00:00:00.000Z,0.53,12.67,1.53,1.1,2,1.29,160
2021-03-09T00:00:00.000Z,0.43,4.97,1.2,0.87,2.25,1.087,241
2021-03-10T00:00:00.000Z,1.5,10.3,2.9,2.5,3.43,0.874,211
2021-03-11T00:00:00.000Z,1,34.27,11.09,2.27,17.37,9.39,234
2021-03-12T00:00:00.000Z,0.37,28.23,2.77,1.47,18.23,9.426,243
2021-03-13T00:00:00.000Z,0.9,6.8,2.4,1.93,3.63,1.221,251
2021-03-14T00:00:00.000Z,0.97,7.17,2.43,1.87,3.09,0.936,245
2021-03-15T00:00:00.000Z,0.9,14.7,3.37,2.29,5.44,2.374,224
2021-03-16T00:00:00.000Z,0.9,14.47,3.35,2,9,3.893,224
2021-03-17T00:00:00.000Z,1.03,9.63,2.27,1.73,2.73,0.891,250
2021-03-18T00:00:00.000Z,0.4,13.63,1.6,1.07,2.02,1.088,239
2021-03-19T00:00:00.000Z,0.33,7.03,1.3,0.93,1.87,0.825,233
2021-03-20T00:00:00.000Z,0.43,3.77,1.3,0.85,1.83,0.616,253
2021-03-21T00:00:00.000Z,0.1,2.06,0.63,0.4,0.9,0.414,223
2021-03-22T00:00:00.000Z,0,4.13,0.85,0.6,1.14,0.64,232
2021-03-23T00:00:00.000Z,0.5,7.83,1.21,0.9,1.9,1.02,318
2021-03-24T00:00:00.000Z,1.9,8.3,4.25,3.8,4.79,1.008,244
2021-03-25T00:00:00.000Z,1,12.4,2.33,1.83,3.03,2.039,234
2021-03-26T00:00:00.000Z,1.87,41.8,8.24,6.07,13.67,6.988,266
2021-03-27T00:00:00.000Z,2.8,52.5,29.6,20.07,37.67,11.479,274
2021-03-28T00:00:00.000Z,0.1,33.36,1.7,0.49,2.44,6.007,193
2021-03-29T00:00:00.000Z,0.2,110.93,1.45,0.7,4.5,9.749,198
2021-03-30T00:00:00.000Z,0.7,5.09,2.02,1.43,2.42,0.615,220
2021-03-31T00:00:00.000Z,0.5,5.3,1.57,1.17,3.01,1.245,197
2021-04-01T00:00:00.000Z,0.17,3.27,0.73,0.56,1.09,0.497,180
2021-04-02T00:00:00.000Z,0.2,3.17,0.77,0.5,1,0.432,203
2021-04-03T00:00:00.000Z,0.2,4.97,0.77,0.5,1.03,0.561,215
2021-04-04T00:00:00.000Z,0.4,4.5,1.52,1,2.57,0.888,210
2021-04-05T00:00:00.000Z,0,2.6,0.6,0.43,0.9,0.448,178
2021-04-06T00:00:00.000Z,0,1.2,0.33,0.23,0.5,0.221,238
2021-04-07T00:00:00.000Z,0.1,9.3,1.6,0.8,2.2,1.229,167
2021-04-08T00:00:00.000Z,0.4,7.03,1.1,0.7,1.73,0.792,195
2021-04-09T00:00:00.000Z,0.4,3.5,1.1,0.83,1.75,0.638,189
2021-04-10T00:00:00.000Z,0.2,2.57,0.8,0.56,1.1,0.405,170
2021-04-11T00:00:00.000Z,0.37,2.93,1.2,0.9,1.53,0.479,143
2021-04-12T00:00:00.000Z,0.3,27.97,2.74,0.7,8.1,4.813,124
2021-04-13T00:00:00.000Z,0.23,3.23,0.9,0.7,1.1,0.478,139
2021-04-14T00:00:00.000Z,0.37,24.2,1.07,0.72,2.02,2.285,133
2021-04-15T00:00:00.000Z,0.4,13.13,1.5,1.1,2.17,1.844,127
2021-04-16T00:00:00.000Z,0.7,5.83,1.6,1.3,2,0.835,133
2021-04-17T00:00:00.000Z,0.5,3.1,1.4,1.1,1.7,0.465,151
2021-04-18T00:00:00.000Z,0.8,4.23,1.5,1.3,1.73,0.45,134
2021-04-19T00:00:00.000Z,1.1,4.3,2,1.59,2.57,0.715,128
2021-04-20T00:00:00.000Z,0.63,9.33,1.97,1.33,2.5,1.188,131
2021-04-21T00:00:00.000Z,0.7,7.57,2.2,1.63,2.9,1.156,111
2021-04-22T00:00:00.000Z,0.2,7.83,0.9,0.5,1.7,1.16,111
2021-04-23T00:00:00.000Z,0.1,2.6,0.7,0.5,0.93,0.384,113
2021-04-24T00:00:00.000Z,0.1,1.5,0.6,0.3,0.8,0.304,129
2021-04-25T00:00:00.000Z,0.17,1.4,0.56,0.43,0.83,0.272,161
2021-04-26T00:00:00.000Z,0.3,5.73,0.93,0.7,1.3,0.616,137
2021-04-27T00:00:00.000Z,0.47,3.8,1.27,1,1.7,0.62,126
2021-04-28T00:00:00.000Z,0.5,4.83,1.7,0.97,2.27,0.915,126
2021-04-29T00:00:00.000Z,0.7,12,1.63,1.23,3.33,1.831,115
2021-04-30T00:00:00.000Z,0.56,7.23,1.4,1,1.79,0.91,101
2021-05-01T00:00:00.000Z,0.47,4.93,1.29,1.02,1.77,0.679,140
2021-05-02T00:00:00.000Z,0.2,3.87,0.93,0.7,1.3,0.59,135
2021-05-03T00:00:00.000Z,0.6,3.93,1.5,1.1,2.17,0.759,124
2021-05-04T00:00:00.000Z,0.8,11.17,2.47,1.65,7.12,2.88,120
2021-05-05T00:00:00.000Z,0,6.3,0.83,0,1.5,1.694,104
2021-05-06T00:00:00.000Z,0.4,5.3,1.1,0.87,1.7,1.058,71
2021-05-07T00:00:00.000Z,0.4,4.03,1.9,1.6,2.54,0.782,113
2021-05-08T00:00:00.000Z,1,3.93,2.23,1.8,2.63,0.566,131
2021-05-09T00:00:00.000Z,1,20.32,2.57,2.15,9.83,6.128,145
2021-05-10T00:00:00.000Z,3,19.82,5.07,4.09,11.33,4.934,127
2021-05-11T00:00:00.000Z,2.7,50.25,5.07,4.34,5.95,4.339,121
2021-05-12T00:00:00.000Z,2.1,5.57,3.1,2.7,3.69,0.703,113
2021-05-13T00:00:00.000Z,2.88,15.3,7.93,5.7,10.7,2.674,139
2021-05-14T00:00:00.000Z,1.63,16.7,7.47,2.9,13.61,4.994,128
2021-05-15T00:00:00.000Z,1.2,23.47,5.6,3.37,9.83,4.899,147
2021-05-16T00:00:00.000Z,1.23,11.47,2.67,1.93,8.33,3.248,147
2021-05-17T00:00:00.000Z,0.43,12.9,3.49,2,8.13,3.243,132
2021-05-18T00:00:00.000Z,1.1,14.8,1.8,1.47,8.93,4.457,112
2021-05-19T00:00:00.000Z,0.7,3.57,1.6,1.3,1.97,0.477,138
2021-05-20T00:00:00.000Z,1,3.8,2.29,1.8,2.97,0.733,155
2021-05-21T00:00:00.000Z,0.53,3.67,1.67,1.3,2.25,0.68,144
2021-05-22T00:00:00.000Z,0.47,4.8,1.7,1.37,2.8,0.965,122
2021-05-23T00:00:00.000Z,0.8,9.52,2.33,1.73,4.22,1.931,165
2021-05-24T00:00:00.000Z,0.8,15.87,3.8,1.7,5.03,2.047,147
2021-05-25T00:00:00.000Z,0.83,7.63,3.37,2,4.84,1.631,156
2021-05-26T00:00:00.000Z,0.5,6.73,1.87,1.32,2.29,1.075,161
2021-05-27T00:00:00.000Z,0.03,2.02,0.67,0.4,0.9,0.36,143
2021-05-28T00:00:00.000Z,0.67,22.2,6.33,3.47,8.1,2.899,159
2021-05-29T00:00:00.000Z,1.07,4.5,1.92,1.67,2.35,0.569,140
2021-05-30T00:00:00.000Z,1.4,6.1,2.45,2.1,3.79,1.122,169
2021-05-31T00:00:00.000Z,1,6.97,2,1.6,2.83,1.144,135
2021-06-01T00:00:00.000Z,0.83,5.09,1.9,1.5,2.29,0.599,174
2021-06-02T00:00:00.000Z,1.65,17.64,2.67,2.29,3.1,1.358,166
2021-06-03T00:00:00.000Z,2.04,7.03,3.09,2.54,3.87,1.172,150
2021-06-04T00:00:00.000Z,1.73,6.67,3,2.5,3.93,0.993,154
2021-06-05T00:00:00.000Z,2.13,17.39,3.2,2.8,3.79,1.35,152
2021-06-06T00:00:00.000Z,1.83,15.1,3.37,2.6,6.47,2.09,197
2021-06-07T00:00:00.000Z,2.7,10.77,4.83,4.09,5.37,0.953,315
2021-06-08T00:00:00.000Z,3.08,39.93,6.45,5.4,8.97,3.568,238
2021-06-09T00:00:00.000Z,3.38,20.63,11.05,5.5,12.92,3.769,264
2021-06-10T00:00:00.000Z,1.4,10.1,2.73,2.2,3.53,1.964,176
2021-06-11T00:00:00.000Z,1.5,14.1,3.2,2.5,3.9,1.257,179
2021-06-12T00:00:00.000Z,0,9.43,2.57,1.43,3.9,2.66,162
2021-06-13T00:00:00.000Z,0.4,3.77,1.23,0.9,1.6,0.593,162
2021-06-14T00:00:00.000Z,1,19.39,2.42,1.5,3.57,1.626,198
2021-06-15T00:00:00.000Z,0.3,2.29,0.83,0.7,1.44,0.475,197
2021-06-16T00:00:00.000Z,0.83,8.8,1.73,1.43,2.4,0.846,172
2021-06-17T00:00:00.000Z,1.23,19.3,2.57,2,3.4,1.78,239
2021-06-18T00:00:00.000Z,2.33,15.03,7.54,3.4,8.5,2.636,246
2021-06-19T00:00:00.000Z,0.67,13.93,5.05,3.3,8.8,3.392,275
2021-06-20T00:00:00.000Z,5.43,17.37,9.59,8,14.42,3.478,300
2021-06-21T00:00:00.000Z,0.93,47.37,6.5,4.47,10.1,5.377,274
2021-06-22T00:00:00.000Z,3.2,15.87,6.71,5.79,8.39,2.416,232
2021-06-23T00:00:00.000Z,1.7,24.93,3.57,2.9,4.23,1.668,295
2021-06-24T00:00:00.000Z,3.07,20.87,5.5,4.7,6.57,2.601,255
2021-06-25T00:00:00.000Z,0.93,17.39,5.63,3.93,13.33,5.146,299
2021-06-26T00:00:00.000Z,1.52,10.73,2.95,2.39,4.3,1.627,309
2021-06-27T00:00:00.000Z,1.9,7.77,4,3.13,4.76,1.357,306
2021-06-28T00:00:00.000Z,2.8,10.27,5.07,4.09,5.87,1.06,262
2021-06-29T00:00:00.000Z,2.2,9.57,4.57,3.73,5.57,1.653,283
2021-06-30T00:00:00.000Z,0.97,11.37,5.43,3.51,6.72,2.362,297
2021-07-01T00:00:00.000Z,1.1,18.6,2.17,1.73,2.67,1.239,260
2021-07-02T00:00:00.000Z,1.4,7.37,3.53,2.99,4.3,1.036,252
2021-07-03T00:00:00.000Z,1.87,14.37,3.89,3.43,4.43,1.084,322
2021-07-04T00:00:00.000Z,2.02,15.68,3.59,2.97,4.8,1.321,294
2021-07-05T00:00:00.000Z,2.5,10.5,4,3.53,4.57,1.01,234
2021-07-06T00:00:00.000Z,2.2,9.13,5.07,3.8,7.03,1.781,288
2021-07-07T00:00:00.000Z,3.57,22.43,9.25,6.07,13.32,4.661,272
2021-07-08T00:00:00.000Z,1.33,9.86,2.1,1.8,6.84,2.793,281
2021-07-09T00:00:00.000Z,1.1,33.72,2.63,2.02,3.6,2.297,275
2021-07-10T00:00:00.000Z,1.23,13.13,5.5,4.18,7.3,2.357,331
2021-07-11T00:00:00.000Z,0.4,5.9,2.33,1.9,3.22,1.212,356
2021-07-12T00:00:00.000Z,1.77,8.33,3.03,2.52,4.4,1.307,266
2021-07-13T00:00:00.000Z,1.7,35.97,4.43,3.05,6.74,3.278,233
2021-07-14T00:00:00.000Z,3.1,23,6.07,4.53,8.9,4.737,259
2021-07-15T00:00:00.000Z,6.5,24.23,10.27,8.16,13.95,4.87,312
2021-07-16T00:00:00.000Z,1.2,26.73,3,1.87,5.6,3.926,262
2021-07-17T00:00:00.000Z,4.03,15.47,6.27,5.69,7.22,2.438,313
2021-07-18T00:00:00.000Z,1.33,13.83,3.58,1.9,7.03,3.126,274
2021-07-19T00:00:00.000Z,0.3,39.77,1.07,0.7,1.4,2.535,245
2021-07-20T00:00:00.000Z,1,5.03,2.1,1.5,3.17,0.917,260
2021-07-21T00:00:00.000Z,0.1,3.93,0.6,0.4,0.8,0.366,268
2021-07-22T00:00:00.000Z,0.9,4.73,2.4,1.9,3,0.758,247
2021-07-23T00:00:00.000Z,0.77,3.83,1.7,1.3,2.23,0.716,297
2021-07-24T00:00:00.000Z,1.4,5.37,2.92,2.37,3.6,0.75,292
2021-07-25T00:00:00.000Z,1.37,5.22,2.59,2.02,3.53,0.872,322
2021-07-26T00:00:00.000Z,1.8,7.7,3.9,3.19,5.45,1.493,328
2021-07-27T00:00:00.000Z,3.37,14.23,6.9,5.5,9.02,2.462,344
2021-07-28T00:00:00.000Z,3.33,21.5,11.47,9.24,13.75,3.2,340
2021-07-29T00:00:00.000Z,0.4,7.27,3.38,1.4,5.27,2.057,279
2021-07-30T00:00:00.000Z,0.4,5.27,1,0.8,1.37,0.53,246
2021-07-31T00:00:00.000Z,1.77,27.53,4.53,3.67,5.5,4.067,269
2021-08-01T00:00:00.000Z,1.1,5.2,2.1,1.8,4,1.196,264
2021-08-02T00:00:00.000Z,0.33,9.43,1.5,0.7,2.22,1.296,244
2021-08-03T00:00:00.000Z,0.3,2.29,0.63,0.5,0.9,0.287,262
2021-08-04T00:00:00.000Z,0.5,3.17,1.07,0.83,1.4,0.491,183
2021-08-05T00:00:00.000Z,0.56,2.93,1.3,1.03,1.6,0.423,155
2021-08-06T00:00:00.000Z,0.63,6.27,1.6,1.33,1.83,0.544,283
2021-08-07T00:00:00.000Z,0.5,6.93,2.27,1.92,3.69,1.243,325
2021-08-08T00:00:00.000Z,1.43,8.47,2.79,2.06,4.9,1.902,286
2021-08-09T00:00:00.000Z,1.2,8.4,2.4,2.04,5.8,2.107,157
2021-08-10T00:00:00.000Z,1.23,12.17,4.7,2.84,5.7,1.632,193
2021-08-11T00:00:00.000Z,2.29,8.19,3.7,2.93,4.97,1.402,234
2021-08-12T00:00:00.000Z,2.1,6.17,3.2,2.8,3.9,0.965,277
2021-08-13T00:00:00.000Z,2.77,21.3,4.76,4,5.27,1.282,410
2021-08-14T00:00:00.000Z,0.9,6.7,2.13,1.7,3.1,1.073,437
2021-08-15T00:00:00.000Z,0.2,3.9,1.27,0.9,2.15,0.799,429
2021-08-16T00:00:00.000Z,1.23,10.9,2.97,2.4,4.26,2.031,465
2021-08-17T00:00:00.000Z,1.2,48.33,3.67,2.5,7,3.582,535
2021-08-18T00:00:00.000Z,0.5,39.27,1.8,1.5,3.19,4.644,457
2021-08-19T00:00:00.000Z,0.2,5.23,0.7,0.53,0.9,0.476,545
2021-08-20T00:00:00.000Z,0.2,13.07,1,0.7,1.47,0.759,492
2021-08-21T00:00:00.000Z,0.2,999.9,0.8,0.5,1.1,162.598,548
2021-08-22T00:00:00.000Z,0.5,6.4,1.2,1,1.43,0.409,490
2021-08-23T00:00:00.000Z,0.56,4.03,1.6,1.25,2.2,0.639,473
2021-08-24T00:00:00.000Z,1.03,16.27,1.8,1.52,2.17,0.897,529
2021-08-25T00:00:00.000Z,0.1,6.03,0.97,0.47,3.01,1.565,532
2021-08-26T00:00:00.000Z,0.67,7.43,4.23,1.7,5.09,1.778,397
2021-08-27T00:00:00.000Z,2.43,23.27,4.7,3.9,6.07,1.745,427
2021-08-28T00:00:00.000Z,3.23,11.13,6.17,4.7,7,1.597,373
2021-08-29T00:00:00.000Z,3.4,7.93,5.9,5.47,6.37,0.73,402
2021-08-30T00:00:00.000Z,3.7,20.03,5.09,4.7,5.8,1.109,521
2021-08-31T00:00:00.000Z,1.4,87.73,2.63,2.2,4.4,4.405,514
2021-09-01T00:00:00.000Z,0.7,22.87,3.3,2.5,4.09,1.452,508
2021-09-02T00:00:00.000Z,0.53,68.73,2.93,1.3,5.09,3.927,498
2021-09-03T00:00:00.000Z,0.43,11.03,1.43,0.93,2.23,0.981,523
2021-09-04T00:00:00.000Z,0.2,12.53,0.9,0.63,1.2,0.653,547
2021-09-05T00:00:00.000Z,0.4,5.23,1.2,0.9,1.93,0.763,431
2021-09-06T00:00:00.000Z,1,14.23,2,1.7,2.29,0.695,474
2021-09-07T00:00:00.000Z,1.8,11.5,3.87,3.17,4.7,1.152,457
2021-09-08T00:00:00.000Z,1.7,9.86,3.1,2.4,6.27,1.918,581
2021-09-09T00:00:00.000Z,2.87,27.5,7.32,5.35,9.93,3.04,506
2021-09-10T00:00:00.000Z,3.4,43.27,8.66,7,11.68,3.443,572
2021-09-11T00:00:00.000Z,6.63,41.2,10.55,9.1,15.77,7.212,582
2021-09-12T00:00:00.000Z,0.77,32.47,7.17,3.27,11.5,8.861,575
2021-09-13T00:00:00.000Z,0.2,10.87,1.1,0.8,1.4,0.724,575
2021-09-14T00:00:00.000Z,0.63,13.87,1.4,1.1,1.67,0.861,580
2021-09-15T00:00:00.000Z,0.37,10.93,1.4,1,2,1.365,538
2021-09-16T00:00:00.000Z,0.8,7.57,1.9,1.37,2.29,0.628,549
2021-09-17T00:00:00.000Z,1.2,9.9,3.2,2.52,3.8,0.926,574
2021-09-18T00:00:00.000Z,0.7,9.67,1.83,1.2,2.52,0.816,579
2021-09-19T00:00:00.000Z,1.03,6.73,2.7,2.17,3.3,0.815,576
2021-09-20T00:00:00.000Z,1.7,21.53,3.5,2.9,4.33,1.724,571
2021-09-21T00:00:00.000Z,1.37,12.37,4.03,2.92,5.8,1.801,572
2021-09-22T00:00:00.000Z,0.7,16,3.43,2.37,4.8,1.698,576
2021-09-23T00:00:00.000Z,0,9.69,1.8,0.6,4.13,2.007,572
2021-09-24T00:00:00.000Z,0.1,18.32,0.67,0.47,1,1.156,575
2021-09-25T00:00:00.000Z,0.2,6.77,1.67,1.12,3.8,1.691,574
2021-09-26T00:00:00.000Z,0.1,7.17,0.95,0.6,1.7,0.751,574
2021-09-27T00:00:00.000Z,0.3,11.97,1.2,0.8,2.1,1.367,553
2021-09-28T00:00:00.000Z,1.53,14.7,2.77,2.13,4.2,1.633,567
2021-09-29T00:00:00.000Z,3.77,8.43,5.43,4.97,6,0.818,561
2021-09-30T00:00:00.000Z,1.33,30.37,6.87,4.59,8.15,2.988,561
2021-10-01T00:00:00.000Z,0.83,6.6,2.37,1.9,2.93,0.734,563
2021-10-02T00:00:00.000Z,1.9,21.93,5.37,3.87,11.87,4.577,572
2021-10-03T00:00:00.000Z,8.02,27.13,15.1,12.93,19.67,4.301,577
2021-10-04T00:00:00.000Z,11.9,33.17,18.87,16.72,20.93,3.056,573
2021-10-05T00:00:00.000Z,1.1,21.2,6.63,3.9,10.73,5.207,570
2021-10-06T00:00:00.000Z,0.8,27.37,3.63,2.17,8.6,5.372,571
2021-10-07T00:00:00.000Z,1.97,47.27,5.72,4.43,7,2.568,574
2021-10-08T00:00:00.000Z,1.1,19.47,3.5,2.83,8.27,3.1,571
2021-10-09T00:00:00.000Z,2.77,9.83,5.97,4.93,7.3,1.562,567
2021-10-10T00:00:00.000Z,3.1,22.2,5.8,4.7,9.99,3.822,577
2021-10-11T00:00:00.000Z,0.87,17.32,3.19,2.27,8.47,3.424,576
2021-10-12T00:00:00.000Z,0.2,11.03,0.77,0.6,1,0.686,576
2021-10-13T00:00:00.000Z,0.2,5.13,0.83,0.6,1.3,0.624,558
2021-10-14T00:00:00.000Z,0.3,9.93,1.12,0.7,2,0.907,471
2021-10-15T00:00:00.000Z,0.1,4.57,0.9,0.56,1.6,0.653,515
2021-10-16T00:00:00.000Z,0.13,1.7,0.7,0.5,0.83,0.237,569
2021-10-17T00:00:00.000Z,0.1,3.03,0.47,0.3,0.6,0.261,453
2021-10-18T00:00:00.000Z,0.03,13.57,0.8,0.5,1.74,1.188,520
2021-10-19T00:00:00.000Z,0.4,19.43,2.1,1.4,3.6,4.748,529
2021-10-20T00:00:00.000Z,0.6,6.6,2,1.53,2.7,1.287,471
2021-10-21T00:00:00.000Z,0,13.8,1.5,0,2.27,1.396,432
2021-10-22T00:00:00.000Z,0,1.43,0.33,0.2,0.5,0.238,553
2021-10-23T00:00:00.000Z,0.23,4.63,0.9,0.6,1.7,0.716,577
2021-10-24T00:00:00.000Z,0.3,13.63,1.6,1.1,2.1,0.863,575
2021-10-25T00:00:00.000Z,1.3,7.67,3.37,2.57,5.23,1.521,569
2021-10-26T00:00:00.000Z,0.8,16.77,4.5,2.12,8.61,3.886,556
2021-10-27T00:00:00.000Z,0.5,10.67,2.4,1.7,3.4,1.094,542
2021-10-28T00:00:00.000Z,0.73,89.37,2.97,1.67,3.93,4.378,542
2021-10-29T00:00:00.000Z,6.73,37.36,15.83,12.37,20.87,6.211,567
2021-10-30T00:00:00.000Z,13.8,36.47,26.27,23.4,29.93,4.356,574
2021-10-31T00:00:00.000Z,7.6,48.5,19.32,11.47,30.63,10.434,572
2021-11-01T00:00:00.000Z,8.7,45.57,16.8,14.4,21.9,5.752,458
2021-11-02T00:00:00.000Z,14.2,37.33,24.37,21.27,26.55,5.092,285
2021-11-03T00:00:00.000Z,3,43.97,23.07,19.97,25.77,5.25,463
2021-11-04T00:00:00.000Z,1.1,11.7,4.09,3.3,5.09,1.303,338
2021-11-05T00:00:00.000Z,0.5,3.8,1.1,0.9,1.53,0.507,577
2021-11-06T00:00:00.000Z,0.2,19.73,0.77,0.6,1.17,0.895,572
2021-11-07T00:00:00.000Z,0,2.4,0.6,0.47,0.9,0.389,563
2021-11-08T00:00:00.000Z,0.2,15.27,1.7,1.27,2.77,2.274,468
2021-11-09T00:00:00.000Z,0.4,26.53,1.7,1.14,2.42,2.681,553
2021-11-10T00:00:00.000Z,0.2,3.87,1.3,0.8,1.93,0.687,539
2021-11-11T00:00:00.000Z,0.2,10.7,1.87,1.4,2.27,0.866,529
2021-11-12T00:00:00.000Z,0,10.57,0.83,0.4,2.37,1.964,511
2021-11-13T00:00:00.000Z,0.83,9.5,2.37,1.6,3.57,1.222,565
2021-11-14T00:00:00.000Z,0.6,9.47,2.52,1.7,3.4,1.442,559
2021-11-15T00:00:00.000Z,0.6,8.67,1.3,1,2.1,0.774,460
2021-11-16T00:00:00.000Z,1.33,13.17,4.34,2.9,5.2,1.529,442
2021-11-17T00:00:00.000Z,1.37,21.5,3,2.47,3.73,1.539,401
2021-11-18T00:00:00.000Z,0.33,3.37,0.9,0.73,1.1,0.361,480
2021-11-19T00:00:00.000Z,0.1,13.63,1.73,1.23,2.6,1.346,515
2021-11-20T00:00:00.000Z,0,4.03,0.56,0.13,1.1,0.576,549
2021-11-21T00:00:00.000Z,0.1,7,0.6,0.37,0.85,0.485,512
2021-11-22T00:00:00.000Z,0.2,15.9,0.8,0.63,1.07,0.897,421
2021-11-23T00:00:00.000Z,0.1,4.9,0.83,0.5,1.3,0.599,287
2021-11-24T00:00:00.000Z,0.4,13.47,1.21,0.9,2.1,1.154,256
2021-11-25T00:00:00.000Z,0.23,3.57,0.93,0.6,1.2,0.494,360
2021-11-26T00:00:00.000Z,0.5,12.6,1.7,1.2,2.37,1.155,358
2021-11-27T00:00:00.000Z,0.3,13.63,1.4,1,1.8,1.014,230
2021-11-28T00:00:00.000Z,0.3,3.37,1.12,0.8,1.73,0.6,300
2021-11-29T00:00:00.000Z,0.63,14.87,1.67,1.37,2.1,0.969,353
2021-11-30T00:00:00.000Z,0.53,10.4,1.4,1.1,1.73,0.654,441
2021-12-01T00:00:00.000Z,0.4,70.06,2.13,1.6,2.77,3.104,547
2021-12-02T00:00:00.000Z,0.27,16.43,1.73,1.17,3,1.354,476
2021-12-03T00:00:00.000Z,1.23,5.9,2.4,2.1,3.4,0.869,189
2021-12-04T00:00:00.000Z,0.6,5.53,2.63,2.09,3.53,0.955,445
2021-12-05T00:00:00.000Z,0.4,2.6,1.33,1.07,1.6,0.421,466
2021-12-06T00:00:00.000Z,0.5,5.43,2.06,1.2,3.6,1.341,426
2021-12-07T00:00:00.000Z,1.83,15.33,3.93,3.33,6.37,2.353,487
2021-12-08T00:00:00.000Z,0.63,14.43,2.2,1.67,3.3,2.522,551
2021-12-09T00:00:00.000Z,0.83,6.47,2,1.63,2.33,0.774,513
2021-12-10T00:00:00.000Z,1.63,17.3,5.44,3.85,8.35,3.109,456
2021-12-11T00:00:00.000Z,0.9,38.03,3.8,1.87,11.27,6.379,559
2021-12-12T00:00:00.000Z,5.27,19.93,14.5,12.93,15.9,2.566,543
2021-12-13T00:00:00.000Z,1.4,14.87,5.77,4.63,6.83,1.997,470
2021-12-14T00:00:00.000Z,1.1,10.19,2.6,2.13,5,2.525,430
2021-12-15T00:00:00.000Z,0.23,4.47,2.23,1.47,2.77,0.805,471
2021-12-16T00:00:00.000Z,0.2,2.93,0.83,0.6,1.1,0.336,486
2021-12-17T00:00:00.000Z,0.2,24.73,1.43,0.97,1.87,1.231,546
2021-12-18T00:00:00.000Z,0.2,1.8,0.72,0.5,1.03,0.323,546
2021-12-19T00:00:00.000Z,0,2.37,0.5,0.3,0.7,0.308,549
2021-12-20T00:00:00.000Z,0.2,6.4,1.27,0.83,1.7,0.736,531
2021-12-21T00:00:00.000Z,0.4,12.03,1.85,1.12,3.27,1.31,550
2021-12-22T00:00:00.000Z,0.63,16.5,3.7,2.67,4.43,1.751,485
2021-12-23T00:00:00.000Z,0.43,3.9,1.8,1.4,2.4,0.678,530
2021-12-24T00:00:00.000Z,0,4.93,0.4,0.22,0.6,0.331,552
2021-12-25T00:00:00.000Z,0,2.2,0.7,0.4,1.07,0.426,541
2021-12-26T00:00:00.000Z,0.3,4.87,1.1,0.73,1.87,1.008,570
2021-12-27T00:00:00.000Z,1.3,12.63,3.07,2.27,4.55,1.644,569
2021-12-28T00:00:00.000Z,1.33,13.8,3.97,2.97,6.57,3.123,548
2021-12-29T00:00:00.000Z,9.3,45.2,26,21.6,29.37,5.062,515
2021-12-30T00:00:00.000Z,2.57,24.67,9.91,5.01,15.65,5.729,544
2021-12-31T00:00:00.000Z,0.77,85.87,2.52,1.87,3.5,4.724,569
2022-01-01T00:00:00.000Z,0.3,23.7,1.4,0.97,2.43,2.716,574
2022-01-02T00:00:00.000Z,0,12.97,3.47,1,5.7,2.44,571
2022-01-03T00:00:00.000Z,1.2,24.17,2.52,2.06,3.2,1.448,560
2022-01-04T00:00:00.000Z,0.37,5.2,1.7,1.33,2,0.584,531
2022-01-05T00:00:00.000Z,0.47,6.97,1.5,1.1,1.87,0.599,526
2022-01-06T00:00:00.000Z,0.1,3.4,0.7,0.5,0.97,0.345,579
2022-01-07T00:00:00.000Z,0.23,4,1.3,0.83,1.7,0.614,566
2022-01-08T00:00:00.000Z,0.1,13.43,6.49,1.5,8.93,3.78,522
2022-01-09T00:00:00.000Z,1.73,15.8,5.13,4.09,7.4,2.125,541
2022-01-10T00:00:00.000Z,2.23,24.8,5.37,4.76,6.3,1.44,483
2022-01-11T00:00:00.000Z,1.97,17.47,4.37,3.4,5.7,1.702,536
2022-01-12T00:00:00.000Z,1.37,17.53,3.87,2.75,11.27,4.704,564
2022-01-13T00:00:00.000Z,0.4,4.87,1.43,1.1,1.8,0.5,559
2022-01-14T00:00:00.000Z,0,2.87,0.6,0.3,0.9,0.382,533
2022-01-15T00:00:00.000Z,0.1,2.9,0.93,0.6,1.43,0.577,560
2022-01-16T00:00:00.000Z,0.2,4.97,1.17,0.69,1.9,0.9,561
2022-01-17T00:00:00.000Z,0.1,42.53,0.8,0.6,1,2.443,565
2022-01-18T00:00:00.000Z,0.47,3.4,1.3,1,1.63,0.459,545
2022-01-19T00:00:00.000Z,0,15.37,2.54,1.93,3.07,1.177,512
2022-01-20T00:00:00.000Z,0,2.63,0.6,0.47,0.83,0.346,481
2022-01-21T00:00:00.000Z,0.1,5.09,0.93,0.7,1.2,0.42,523
2022-01-22T00:00:00.000Z,0.67,5.2,1.43,1.2,1.95,0.533,536
2022-01-23T00:00:00.000Z,1.3,18.17,3.3,2.27,5.09,2.268,554
2022-01-24T00:00:00.000Z,0.6,8.47,2.33,1.5,3.7,1.654,518
2022-01-25T00:00:00.000Z,0.5,11.63,2.52,1.43,3.13,1.183,547
2022-01-26T00:00:00.000Z,0.6,46.3,2.2,1.3,4,2.614,518
2022-01-27T00:00:00.000Z,0.1,13.23,2.1,1.5,2.99,1.445,568
2022-01-28T00:00:00.000Z,0.1,3,0.97,0.7,1.2,0.407,559
2022-01-29T00:00:00.000Z,0,3.4,0.93,0.6,1.3,0.555,574
2022-01-30T00:00:00.000Z,0,1.9,0.3,0.1,0.63,0.375,573
2022-01-31T00:00:00.000Z,0.3,17,0.97,0.8,1.17,0.832,566
2022-02-01T00:00:00.000Z,0.5,12.73,1.67,1.2,2.02,0.906,519
2022-02-02T00:00:00.000Z,0.87,6.67,2.7,2.2,3.45,0.887,517
2022-02-03T00:00:00.000Z,0.5,9.36,2.8,2.1,3.47,1.143,507
2022-02-04T00:00:00.000Z,0.3,9.07,2.2,1.2,3.82,1.755,544
2022-02-05T00:00:00.000Z,0.63,5.4,1.7,1.4,2.13,0.584,555
2022-02-06T00:00:00.000Z,0.1,3.57,1.47,1.12,1.8,0.587,539
2022-02-07T00:00:00.000Z,0.17,2.57,0.9,0.63,1.2,0.401,502
2022-02-08T00:00:00.000Z,0.1,5.63,1,0.7,1.3,0.518,473
2022-02-09T00:00:00.000Z,0.43,4.8,1.6,1.12,2.33,0.851,512
2022-02-10T00:00:00.000Z,0.7,3.33,1.7,1.37,2.06,0.486,472
2022-02-11T00:00:00.000Z,0.4,5.53,1.1,0.8,1.6,0.614,513
2022-02-12T00:00:00.000Z,0.3,10.13,1.8,1.3,2.27,0.798,543
2022-02-13T00:00:00.000Z,0.87,5.37,2.4,2.06,2.93,0.738,559
2022-02-14T00:00:00.000Z,2.2,16.93,7.17,5.5,8.3,2.306,327
2022-02-15T00:00:00.000Z,0.5,21.43,2.9,2.17,5.99,2.95,365
2022-02-16T00:00:00.000Z,0.5,32.17,2.7,1.9,5.07,2.452,516
2022-02-17T00:00:00.000Z,0,4.3,0.93,0.7,1.2,0.499,412
2022-02-18T00:00:00.000Z,0.03,34,1,0.6,1.87,1.965,529
2022-02-19T00:00:00.000Z,0.2,11.27,1.2,0.9,1.59,0.706,500
2022-02-20T00:00:00.000Z,0.4,12.53,1.43,1.17,2.2,0.845,573
2022-02-21T00:00:00.000Z,0,2.93,0.1,0,0.53,0.615,562
2022-02-22T00:00:00.000Z,0,6.9,0.37,0.1,0.7,0.535,571
2022-02-23T00:00:00.000Z,0,3.1,0.17,0,0.43,0.422,480
2022-02-24T00:00:00.000Z,0,5,0.56,0.23,0.97,0.623,343
2022-02-25T00:00:00.000Z,0,5.83,0.23,0,0.63,0.571,455
2022-02-26T00:00:00.000Z,0,5.6,0,0,0.2,0.439,576
2022-02-27T00:00:00.000Z,0,3.4,0.2,0.03,0.43,0.348,459
2022-02-28T00:00:00.000Z,0,4.17,0.2,0,0.5,0.388,469
2022-03-01T00:00:00.000Z,0,5.67,0.83,0.4,1.8,1.231,444
2022-03-02T00:00:00.000Z,0,5.3,0.56,0.1,1.6,1.103,500
2022-03-03T00:00:00.000Z,0,1.9,0,0,0.27,0.321,526
2022-03-04T00:00:00.000Z,0,4.83,0,0,0.3,0.493,555
2022-03-05T00:00:00.000Z,0,2.33,0.1,0,0.33,0.282,402
2022-03-06T00:00:00.000Z,0,2.43,0.1,0,0.3,0.332,107
2022-03-07T00:00:00.000Z,0,5.6,0,0,0.2,0.618,237
2022-03-08T00:00:00.000Z,0,2,0.12,0,0.37,0.332,306
2022-03-09T00:00:00.000Z,0,4.3,0.3,0.1,0.56,0.501,303
2022-03-10T00:00:00.000Z,0,8.57,0.3,0.03,0.8,0.747,553
2022-03-11T00:00:00.000Z,0,7.33,0.93,0.47,1.4,0.776,580
2022-03-12T00:00:00.000Z,0,4.93,0.27,0,0.72,0.589,576
2022-03-13T00:00:00.000Z,0,25,0.3,0,0.93,1.322,563
2022-03-14T00:00:00.000Z,0,11.97,1.37,0.43,2.89,1.836,581
2022-03-15T00:00:00.000Z,0,9.93,2.37,1.2,3.8,1.876,479
2022-03-16T00:00:00.000Z,0,7.3,1.5,0.6,2.87,1.67,399
2022-03-17T00:00:00.000Z,0,9.02,2.13,1.2,3.1,1.418,479
2022-03-18T00:00:00.000Z,0,10.1,0.83,0.27,2.12,1.966,393
2022-03-19T00:00:00.000Z,0,4.37,0.1,0,0.3,0.394,379
2022-03-20T00:00:00.000Z,0,5.17,0.07,0,0.27,0.409,533
2022-03-21T00:00:00.000Z,0,21.43,1.53,0.63,2.4,1.598,430
2022-03-22T00:00:00.000Z,0,16.8,2.8,1.4,4.17,2.062,530
2022-03-23T00:00:00.000Z,0,7.07,1.57,0.8,2.52,1.41,376
2022-03-24T00:00:00.000Z,0,3.7,1.12,0.5,1.73,0.841,354
2022-03-25T00:00:00.000Z,0,9.9,1.37,0.6,2.6,1.413,515
2022-03-26T00:00:00.000Z,0,14.07,0.3,0.1,0.6,0.851,580
2022-03-27T00:00:00.000Z,0,4.59,0.1,0,0.3,0.333,574
2022-03-28T00:00:00.000Z,0,3.57,0.4,0.17,1,0.696,569
2022-03-29T00:00:00.000Z,0,4.03,0.1,0,0.33,0.373,506
2022-03-30T00:00:00.000Z,0,4.37,0.1,0,0.3,0.427,560
2022-03-31T00:00:00.000Z,0,5.53,0.1,0,0.3,0.498,576
2022-04-01T00:00:00.000Z,0,3.4,0.23,0,0.5,0.39,569
2022-04-02T00:00:00.000Z,0,6.03,0.1,0,0.3,0.397,562
2022-04-03T00:00:00.000Z,0,1.93,0,0,0.1,0.235,579
2022-04-04T00:00:00.000Z,0,2,0,0,0.3,0.309,580
2022-04-05T00:00:00.000Z,0,2.06,0.1,0,0.23,0.212,579
2022-04-06T00:00:00.000Z,0,5.47,0.1,0,0.2,0.382,576
2022-04-07T00:00:00.000Z,0,4.43,0.3,0.1,0.6,0.574,577
2022-04-08T00:00:00.000Z,0,5.4,0.2,0.03,0.37,0.348,577
2022-04-09T00:00:00.000Z,0,1.93,0.2,0,0.33,0.237,559
2022-04-10T00:00:00.000Z,0,2.7,0,0,0.1,0.211,579
2022-04-11T00:00:00.000Z,0,5.63,0.03,0,0.2,0.35,577
2022-04-12T00:00:00.000Z,0,9.83,0,0,0.2,0.565,581
2022-04-13T00:00:00.000Z,0,4.03,0.1,0,0.3,0.465,579
2022-04-14T00:00:00.000Z,0,5.63,1.12,0.52,1.83,0.98,581
2022-04-15T00:00:00.000Z,0,2.73,0.1,0,0.32,0.375,581
2022-04-16T00:00:00.000Z,0,2.67,0,0,0.17,0.269,580
2022-04-17T00:00:00.000Z,0,7.43,0,0,0.2,0.405,577
2022-04-18T00:00:00.000Z,0,3.6,0.23,0.09,0.53,0.492,576
2022-04-19T00:00:00.000Z,0,2.93,0.2,0,0.5,0.365,563
2022-04-20T00:00:00.000Z,0,3.6,0.4,0.1,0.83,0.552,571
2022-04-21T00:00:00.000Z,0,2.27,0.45,0.2,0.73,0.422,574
2022-04-22T00:00:00.000Z,0,2.73,0.3,0.07,0.56,0.41,573
2022-04-23T00:00:00.000Z,0,2.37,0.2,0,0.5,0.36,574
2022-04-24T00:00:00.000Z,0,2.73,0.4,0.2,0.63,0.417,581
2022-04-25T00:00:00.000Z,0,3.73,0.27,0,0.56,0.43,556
2022-04-26T00:00:00.000Z,0,4.4,0.1,0,0.27,0.363,540
2022-04-27T00:00:00.000Z,0,4.09,0.1,0,0.27,0.322,567
2022-04-28T00:00:00.000Z,0,3.1,0.1,0,0.27,0.289,561
2022-04-29T00:00:00.000Z,0,3.1,0,0,0.2,0.293,577
2022-04-30T00:00:00.000Z,0,4.4,0.1,0,0.3,0.386,580
2022-05-01T00:00:00.000Z,0,12.57,0.1,0,0.2,0.599,564
2022-05-02T00:00:00.000Z,0,3,0.2,0,0.5,0.368,555
2022-05-03T00:00:00.000Z,0,4.2,0.1,0,0.27,0.376,569
2022-05-04T00:00:00.000Z,0,4.17,0.1,0,0.27,0.306,581
2022-05-05T00:00:00.000Z,0,4,0.33,0.1,0.7,0.472,575
2022-05-06T00:00:00.000Z,0,3.47,0.28,0.1,0.53,0.409,574
2022-05-07T00:00:00.000Z,0,8.77,0.3,0,1.2,1.122,579
2022-05-08T00:00:00.000Z,0,3.8,0.07,0,0.2,0.266,572
2022-05-09T00:00:00.000Z,0,2.57,0.13,0,0.33,0.317,571
2022-05-10T00:00:00.000Z,0,7.1,0.4,0.1,0.97,0.721,567
2022-05-11T00:00:00.000Z,0,6.5,0.6,0.3,0.93,0.62,545
2022-05-12T00:00:00.000Z,0,3.6,0.4,0.2,0.7,0.525,559
2022-05-13T00:00:00.000Z,0,3.73,0.33,0.17,0.6,0.417,570
2022-05-14T00:00:00.000Z,0,2.57,0.2,0,0.47,0.354,576
2022-05-15T00:00:00.000Z,0,1.9,0,0,0.1,0.189,572
2022-05-16T00:00:00.000Z,0,1.9,0,0,0.2,0.266,570
2022-05-17T00:00:00.000Z,0,2.06,0.1,0,0.27,0.26,569
2022-05-18T00:00:00.000Z,0,2.2,0.2,0.1,0.4,0.285,562
2022-05-19T00:00:00.000Z,0,2.63,0.4,0.17,0.77,0.459,563
2022-05-20T00:00:00.000Z,0,6.73,0.93,0.53,1.4,0.796,567
2022-05-21T00:00:00.000Z,0,2.43,0.63,0.33,0.97,0.44,562
2022-05-22T00:00:00.000Z,0,2.83,0.3,0,0.63,0.394,569
2022-05-23T00:00:00.000Z,0,19.3,0.27,0,0.56,0.939,570
2022-05-24T00:00:00.000Z,0,4.33,0.53,0.2,0.93,0.527,568
2022-05-25T00:00:00.000Z,0,6.17,0.3,0.07,0.63,0.593,564
2022-05-26T00:00:00.000Z,0,3.83,0.1,0,0.28,0.342,568
2022-05-27T00:00:00.000Z,0,2.87,0.1,0,0.23,0.31,567
2022-05-28T00:00:00.000Z,0,52.4,0.1,0,0.39,2.202,573
2022-05-29T00:00:00.000Z,0,1.2,0.1,0,0.27,0.198,542
2022-05-30T00:00:00.000Z,0,5.93,0.3,0.1,0.5,0.402,504
2022-05-31T00:00:00.000Z,0,8.93,0.47,0.2,0.9,0.702,537
2022-06-01T00:00:00.000Z,0,2.37,0.4,0.17,0.7,0.397,537
2022-06-02T00:00:00.000Z,0,2.29,0,0,0.56,0.536,469
2022-06-03T00:00:00.000Z,0,7.27,0.5,0.13,1.03,0.713,489
2022-06-04T00:00:00.000Z,0,1.6,0.3,0.1,0.5,0.288,521
2022-06-05T00:00:00.000Z,0,5.53,0.33,0.1,0.67,0.45,552
2022-06-06T00:00:00.000Z,0,1.6,0.2,0.1,0.4,0.27,518
2022-06-07T00:00:00.000Z,0,3.92,0.4,0.17,0.8,0.571,568
2022-06-08T00:00:00.000Z,0,5.09,0.37,0.13,0.85,0.858,552
2022-06-09T00:00:00.000Z,0,3.5,0.4,0.1,0.68,0.433,542
2022-06-10T00:00:00.000Z,0,6.15,0.4,0.1,0.87,0.64,556
2022-06-11T00:00:00.000Z,0,6.6,0.3,0.1,0.6,0.558,559
2022-06-12T00:00:00.000Z,0,4.09,0.5,0.2,0.8,0.482,567
2022-06-13T00:00:00.000Z,0,8.3,0.33,0.1,0.68,0.551,556
2022-06-14T00:00:00.000Z,0,3.07,0.1,0,0.27,0.26,542
2022-06-15T00:00:00.000Z,0,3.93,0.1,0.05,0.3,0.283,563
2022-06-16T00:00:00.000Z,0,9.83,0.1,0,0.3,0.472,565
2022-06-17T00:00:00.000Z,0,3.3,0.17,0.1,0.37,0.325,493
2022-06-18T00:00:00.000Z,0,6.9,0.77,0.37,1.47,1.076,569
2022-06-19T00:00:00.000Z,0,2.13,0.1,0,0.3,0.258,543
2022-06-20T00:00:00.000Z,0,4.8,0.2,0,0.47,0.38,536
2022-06-21T00:00:00.000Z,0,3.13,0.25,0.1,0.53,0.383,539
2022-06-22T00:00:00.000Z,0,4.17,0.2,0.03,0.5,0.47,539
2022-06-23T00:00:00.000Z,0,2.43,0.37,0.1,0.65,0.381,522
2022-06-24T00:00:00.000Z,0,2.2,0.3,0.1,0.6,0.363,577
2022-06-25T00:00:00.000Z,0,3.13,0.73,0.4,1.12,0.544,580
2022-06-26T00:00:00.000Z,0,3.3,0.75,0.3,1.37,0.673,577
2022-06-27T00:00:00.000Z,0,3.63,0.95,0.5,1.47,0.702,567
2022-06-28T00:00:00.000Z,0,8.94,0.97,0.4,1.9,1.086,556
2022-06-29T00:00:00.000Z,0,5.7,0.6,0.2,1.23,0.863,561
2022-06-30T00:00:00.000Z,0,13.3,2.97,1.62,4.62,2.243,557
2022-07-01T00:00:00.000Z,0,8.1,1.5,0.8,2.47,1.349,571
2022-07-02T00:00:00.000Z,0,9.02,0.43,0.2,1.97,1.817,566
2022-07-03T00:00:00.000Z,0,3.7,0.2,0.1,0.37,0.324,570
2022-07-04T00:00:00.000Z,0,3.1,0.2,0.1,0.5,0.361,565
2022-07-05T00:00:00.000Z,0,2,0.2,0.1,0.4,0.266,536
2022-07-06T00:00:00.000Z,0,6.2,0.17,0.03,0.37,0.399,557
2022-07-07T00:00:00.000Z,0,5,0.1,0,0.22,0.461,373
2022-07-08T00:00:00.000Z,0,2.47,0.1,0,0.2,0.248,549
2022-07-09T00:00:00.000Z,0,3,0.1,0,0.2,0.215,528
2022-07-10T00:00:00.000Z,0,1,0,0,0.1,0.118,558
2022-07-11T00:00:00.000Z,0,7.57,0.1,0,0.3,0.598,556
2022-07-12T00:00:00.000Z,0,9.52,0.1,0.07,0.23,0.477,564
2022-07-13T00:00:00.000Z,0,1.95,0.43,0.2,0.73,0.391,516
2022-07-14T00:00:00.000Z,0,1.8,0.1,0,0.2,0.204,549
2022-07-15T00:00:00.000Z,0,1.8,0.03,0,0.13,0.179,510
2022-07-16T00:00:00.000Z,0,3.4,0,0,0.1,0.184,576
2022-07-17T00:00:00.000Z,0,4.03,0,0,0.1,0.196,584
2022-07-18T00:00:00.000Z,0,3,0.3,0.1,0.6,0.447,576
2022-07-19T00:00:00.000Z,0,6.37,0.3,0.1,0.68,0.616,579
2022-07-20T00:00:00.000Z,0,4.82,0.4,0.1,0.88,0.587,579
2022-07-21T00:00:00.000Z,0,12.4,0.8,0.3,1.42,0.903,576
2022-07-22T00:00:00.000Z,0,6.83,1.9,0.77,3.03,1.459,578
2022-07-23T00:00:00.000Z,0,3.97,0.1,0,0.37,0.501,580
2022-07-24T00:00:00.000Z,0,1.57,0.2,0.1,0.37,0.248,577
2022-07-25T00:00:00.000Z,0,2.8,0.43,0.13,0.93,0.557,583
2022-07-26T00:00:00.000Z,0,9.77,0.3,0.1,0.73,0.801,576
2022-07-27T00:00:00.000Z,0,1.9,0.07,0,0.2,0.252,580
2022-07-28T00:00:00.000Z,0,1.47,0.07,0,0.17,0.172,574
2022-07-29T00:00:00.000Z,0,3.95,0.03,0,0.1,0.208,576
2022-07-30T00:00:00.000Z,0,2.63,0.1,0,0.2,0.254,577
2022-07-31T00:00:00.000Z,0,1.6,0.1,0,0.2,0.183,582
2022-08-01T00:00:00.000Z,0,3.2,0.1,0,0.3,0.295,523
2022-08-02T00:00:00.000Z,0,2.4,0.1,0.07,0.3,0.263,554
2022-08-03T00:00:00.000Z,0,2.47,0.2,0.1,0.47,0.356,569
2022-08-04T00:00:00.000Z,0,5.43,0.5,0.25,0.93,0.703,542
2022-08-05T00:00:00.000Z,0,4.17,0.4,0,0.89,0.696,564
2022-08-06T00:00:00.000Z,0,1.8,0.13,0,0.37,0.31,573
2022-08-07T00:00:00.000Z,0,3.23,0.1,0,0.3,0.293,548
2022-08-08T00:00:00.000Z,0,3.03,0.33,0.13,0.7,0.474,554
2022-08-09T00:00:00.000Z,0,3,0.1,0,0.3,0.289,557
2022-08-10T00:00:00.000Z,0,2.65,0.2,0.07,0.47,0.367,559
2022-08-11T00:00:00.000Z,0,21.23,0.33,0.1,0.6,0.984,521
2022-08-12T00:00:00.000Z,0,2.93,0.5,0.22,1,0.624,570
2022-08-13T00:00:00.000Z,0,4.2,0.37,0.1,0.73,0.593,578
2022-08-14T00:00:00.000Z,0,2.75,0.3,0.1,0.67,0.482,563
2022-08-15T00:00:00.000Z,0,6.63,1.36,0.54,3.2,1.588,532
2022-08-16T00:00:00.000Z,0,7.3,1.79,0.85,2.84,1.465,540
2022-08-17T00:00:00.000Z,0,9.02,0.98,0.4,1.8,1.165,526
2022-08-18T00:00:00.000Z,0,10.23,1.97,0.87,3.37,1.793,558
2022-08-19T00:00:00.000Z,0,9.23,1.83,0.83,3.26,1.751,576
2022-08-20T00:00:00.000Z,0,7,1.03,0.3,2.47,1.462,563
2022-08-21T00:00:00.000Z,0,6.8,0.1,0,0.32,0.412,572
2022-08-22T00:00:00.000Z,0,4.09,0.1,0,0.3,0.325,521
2022-08-23T00:00:00.000Z,0,28.1,0.13,0,0.4,1.239,568
2022-08-24T00:00:00.000Z,0,5.53,0.1,0,0.23,0.336,518
2022-08-25T00:00:00.000Z,0,3.4,0.1,0,0.3,0.3,514
2022-08-26T00:00:00.000Z,0,8.33,0.47,0.2,0.87,0.807,567
2022-08-27T00:00:00.000Z,0,4.9,0.95,0.36,1.79,1.051,573
2022-08-28T00:00:00.000Z,0,2.23,0.4,0.13,0.67,0.373,573
2022-08-29T00:00:00.000Z,0,39.17,0.03,0,0.2,1.645,570
2022-08-30T00:00:00.000Z,0,2.1,0.1,0,0.2,0.231,564
2022-08-31T00:00:00.000Z,0,1.12,0.07,0,0.2,0.17,560
2022-09-01T00:00:00.000Z,0,1.7,0,0,0.1,0.162,562
2022-09-02T00:00:00.000Z,0,7.3,0,0,0.07,0.374,554
2022-09-03T00:00:00.000Z,0,1.57,0,0,0,0.133,550
2022-09-04T00:00:00.000Z,0,1.97,0,0,0.12,0.191,424
2022-09-05T00:00:00.000Z,0,3.9,0,0,0.1,0.254,508
2022-09-06T00:00:00.000Z,0,136.69,0.1,0,0.2,5.887,564
2022-09-07T00:00:00.000Z,0,1.8,0.1,0,0.2,0.213,559
2022-09-08T00:00:00.000Z,0,5.4,0.05,0,0.2,0.392,524
2022-09-09T00:00:00.000Z,0,2.2,0.17,0,0.4,0.319,570
2022-09-10T00:00:00.000Z,0,2.8,0.3,0.1,0.67,0.419,562
2022-09-11T00:00:00.000Z,0,8.13,0.1,0,0.4,0.461,569
2022-09-12T00:00:00.000Z,0,4.23,0.13,0,0.4,0.374,517
2022-09-13T00:00:00.000Z,0,4.59,0.2,0,0.6,0.509,557
2022-09-14T00:00:00.000Z,0,8.93,0.1,0,0.2,0.638,564
2022-09-15T00:00:00.000Z,0,2.47,0,0,0.1,0.202,570
2022-09-16T00:00:00.000Z,0,2.5,0.1,0,0.2,0.269,566
2022-09-17T00:00:00.000Z,0,3.5,0.07,0,0.17,0.23,560
2022-09-18T00:00:00.000Z,0,5.67,0,0,0.17,0.374,569
2022-09-19T00:00:00.000Z,0,3.9,0.1,0,0.23,0.272,560
2022-09-20T00:00:00.000Z,0,1.83,0.07,0,0.2,0.208,544
2022-09-21T00:00:00.000Z,0,3.9,0,0,0.2,0.319,561
2022-09-22T00:00:00.000Z,0,2.23,0,0,0.1,0.24,567
2022-09-23T00:00:00.000Z,0,5.5,0.1,0,0.3,0.429,569
2022-09-24T00:00:00.000Z,0,4.23,0.1,0,0.23,0.368,570
2022-09-25T00:00:00.000Z,0,5.43,0.1,0,0.37,0.384,568
2022-09-26T00:00:00.000Z,0,5.93,0.1,0,0.49,0.55,557
2022-09-27T00:00:00.000Z,0,7.6,1.37,0.27,3.5,1.803,560
2022-09-28T00:00:00.000Z,0,5.93,0.67,0.33,1.07,0.78,563
2022-09-29T00:00:00.000Z,0,18.63,0.2,0,0.53,0.88,554
2022-09-30T00:00:00.000Z,0,8.5,0.1,0,0.3,0.467,562
2022-10-01T00:00:00.000Z,0,6.13,0.3,0,0.9,0.981,562
2022-10-02T00:00:00.000Z,0,7.7,1.03,0.3,2.33,1.519,509
2022-10-03T00:00:00.000Z,0,4.5,0.56,0.2,1.32,0.897,477
2022-10-04T00:00:00.000Z,0,5.09,0.1,0,0.3,0.405,381
2022-10-05T00:00:00.000Z,0,3.7,0.4,0.1,0.8,0.589,451
2022-10-06T00:00:00.000Z,0,5.27,0.5,0.2,0.97,0.595,569
2022-10-07T00:00:00.000Z,0,5.73,0.8,0.4,1.3,0.672,567
2022-10-08T00:00:00.000Z,0,3.97,0.3,0,0.67,0.504,571
2022-10-09T00:00:00.000Z,0,1.43,0.1,0,0.2,0.217,579
2022-10-10T00:00:00.000Z,0,3,0.2,0,0.63,0.447,571
2022-10-11T00:00:00.000Z,0,3.4,0.2,0,0.4,0.467,563
2022-10-12T00:00:00.000Z,0,7.6,0,0,0.1,0.433,563
2022-10-13T00:00:00.000Z,0,4.17,0.1,0,0.47,0.473,570
2022-10-14T00:00:00.000Z,0,8.1,0.47,0.1,0.97,0.762,563
2022-10-15T00:00:00.000Z,0,11.53,1.93,0.63,3.87,2.237,571
2022-10-16T00:00:00.000Z,0,4.93,0.6,0.27,1.19,0.895,448
2022-10-17T00:00:00.000Z,0,8.93,0.3,0.07,0.6,0.547,565
2022-10-18T00:00:00.000Z,0,4.59,0,0,0.17,0.345,410
2022-10-21T00:00:00.000Z,0,3,0.1,0,0.5,0.492,558
2022-10-22T00:00:00.000Z,0,9.67,0.5,0.13,1.07,0.944,573
2022-10-23T00:00:00.000Z,0,2.52,0.3,0,0.77,0.547,575
2022-10-24T00:00:00.000Z,0,5,0.4,0.1,1.03,0.652,563
2022-10-25T00:00:00.000Z,0,10.6,0.2,0,0.9,1.142,567
2022-10-26T00:00:00.000Z,0,2.23,0.2,0.07,0.4,0.29,568
2022-10-27T00:00:00.000Z,0,12.8,0.56,0.17,1.23,0.967,570
2022-10-28T00:00:00.000Z,0,4.87,0.47,0.1,1.2,0.82,556
2022-10-29T00:00:00.000Z,0,5.47,0.49,0.17,0.93,1.058,566
2022-10-30T00:00:00.000Z,0,3.83,0,0,0.1,0.288,569
2022-10-31T00:00:00.000Z,0,13.93,0.3,0,0.9,0.924,569
2022-11-01T00:00:00.000Z,0,2.52,0.13,0,0.47,0.446,555
2022-11-02T00:00:00.000Z,0,7.67,0.33,0,0.83,0.744,557
2022-11-03T00:00:00.000Z,0,5.6,0.2,0,0.55,0.573,557
2022-11-04T00:00:00.000Z,0,8.9,0.4,0.1,0.83,0.696,566
2022-11-05T00:00:00.000Z,0,5.47,0.33,0.07,0.7,0.558,565
2022-11-06T00:00:00.000Z,0,2.47,0.2,0,0.53,0.426,549
2022-11-07T00:00:00.000Z,0,3.6,0.4,0.1,0.93,0.623,482
2022-11-08T00:00:00.000Z,0,3.53,0.1,0,0.3,0.362,486
2022-11-09T00:00:00.000Z,0,17.82,0.47,0.03,1.03,0.985,558
2022-11-10T00:00:00.000Z,0,5.09,0.63,0.3,1.12,0.695,562
2022-11-11T00:00:00.000Z,0,2.73,0.6,0.3,0.93,0.493,561
2022-11-12T00:00:00.000Z,0,4.47,0.6,0.1,1.2,0.683,562
2022-11-13T00:00:00.000Z,0,3.5,0,0,0.28,0.388,577
2022-11-14T00:00:00.000Z,0,12.7,0.2,0,0.56,0.707,552
2022-11-15T00:00:00.000Z,0,10.97,0.2,0.1,0.43,0.539,564
2022-11-16T00:00:00.000Z,0,2.1,0.2,0,0.4,0.309,561
2022-11-17T00:00:00.000Z,0,6.53,0.3,0.1,0.56,0.454,568
2022-11-18T00:00:00.000Z,0,2.6,0.3,0.1,0.5,0.336,569
2022-11-19T00:00:00.000Z,0,2.8,0.4,0.2,0.83,0.478,563
2022-11-20T00:00:00.000Z,0,5.23,0.5,0.27,0.82,0.565,572
2022-11-21T00:00:00.000Z,0,10.9,1.45,0.6,2.52,1.491,570
2022-11-22T00:00:00.000Z,0,4.9,1.33,0.7,2.1,0.959,564
2022-11-23T00:00:00.000Z,0,3.3,0.4,0.1,0.77,0.473,566
2022-11-24T00:00:00.000Z,0,5.3,0.33,0.03,0.67,0.53,569
2022-11-25T00:00:00.000Z,0,9.86,0.37,0.1,0.9,0.756,567
2022-11-26T00:00:00.000Z,0,3.07,0.5,0.1,0.97,0.608,574
2022-11-27T00:00:00.000Z,0,3.83,0.56,0.15,1.14,0.698,576
2022-11-28T00:00:00.000Z,0,13.3,0.8,0.17,1.9,1.338,562
2022-11-29T00:00:00.000Z,0,3.97,0.87,0.3,1.4,0.794,441
2022-11-30T00:00:00.000Z,0,4.43,0.3,0,0.85,0.666,448
2022-12-01T00:00:00.000Z,0,4.3,0.47,0.1,1.21,0.845,513
2022-12-02T00:00:00.000Z,0,10.37,2.37,1.2,3.57,1.632,571
2022-12-03T00:00:00.000Z,0,4.63,1.17,0.7,1.73,0.864,575
2022-12-04T00:00:00.000Z,0,3.8,0.63,0.2,1.12,0.653,568
2022-12-05T00:00:00.000Z,0,5.09,0.3,0.03,0.73,0.63,563
2022-12-06T00:00:00.000Z,0,4.13,0.3,0.1,0.7,0.523,564
2022-12-07T00:00:00.000Z,0,4.13,0.1,0,0.43,0.442,536
2022-12-08T00:00:00.000Z,0,9.43,0.23,0,0.6,0.706,501
2022-12-09T00:00:00.000Z,0,11.07,0.63,0.23,1.12,0.909,532
2022-12-10T00:00:00.000Z,0,3.43,0.43,0.2,0.83,0.491,575
2022-12-11T00:00:00.000Z,0,3.2,0.53,0.2,1,0.551,577
2022-12-12T00:00:00.000Z,0,3.13,0.67,0.37,1.1,0.547,553
2022-12-13T00:00:00.000Z,0,3,0.5,0.3,0.77,0.364,406
2022-12-14T00:00:00.000Z,0,2.57,0.4,0.12,0.7,0.47,392
2022-12-15T00:00:00.000Z,0,6.33,0.5,0.2,1,0.645,558
2022-12-16T00:00:00.000Z,0,4.87,0.87,0.4,1.47,0.832,522
2022-12-17T00:00:00.000Z,0,19.53,0.56,0.1,1.49,1.531,541
2022-12-18T00:00:00.000Z,0,5.87,1.7,0.47,3.17,1.532,552
2022-12-19T00:00:00.000Z,0,7.2,0.8,0.09,1.93,1.327,569
2022-12-20T00:00:00.000Z,0,8.33,0.47,0.07,1.29,1.107,565
2022-12-21T00:00:00.000Z,0,4.67,0.63,0.23,1.3,0.852,555
2022-12-22T00:00:00.000Z,0,3.73,0.3,0.1,0.7,0.523,554
2022-12-23T00:00:00.000Z,0,3.8,0.1,0,0.33,0.421,404
2022-12-24T00:00:00.000Z,0,3.5,0.2,0,0.56,0.551,502
2022-12-25T00:00:00.000Z,0,6.23,0.52,0.2,0.97,0.706,508
2022-12-26T00:00:00.000Z,0,13.47,1.33,0.67,2.27,1.573,425
2022-12-27T00:00:00.000Z,0,2.67,0.2,0.07,0.53,0.42,544
2022-12-28T00:00:00.000Z,0,9.93,0.17,0,0.52,0.82,496
2022-12-29T00:00:00.000Z,0,9.27,0.3,0.09,0.63,0.677,565
2022-12-30T00:00:00.000Z,0,3.5,0.3,0.07,0.67,0.504,468
2022-12-31T00:00:00.000Z,0,19.53,0.93,0.5,1.43,1.275,560
2023-01-01T00:00:00.000Z,0,4.07,0.1,0,0.4,0.451,550
2023-01-02T00:00:00.000Z,0,10.17,0.2,0,0.6,0.709,565
2023-01-03T00:00:00.000Z,0,1.97,0.2,0,0.4,0.337,467
2023-01-04T00:00:00.000Z,0,8.6,0.23,0.03,0.5,0.565,504
2023-01-05T00:00:00.000Z,0,5.13,0.83,0.43,1.33,0.671,563
2023-01-06T00:00:00.000Z,0,4.37,0.5,0.2,0.93,0.525,565
2023-01-07T00:00:00.000Z,0,9.02,1.72,0.83,3.19,1.796,564
2023-01-08T00:00:00.000Z,0,11.17,2.1,0.93,4.5,2.547,578
2023-01-09T00:00:00.000Z,0,11.07,1.2,0.2,3.1,1.943,544
2023-01-10T00:00:00.000Z,0,5.57,0.5,0.1,1.32,0.968,557
2023-01-11T00:00:00.000Z,0,4.09,0.2,0,0.7,0.625,548
2023-01-12T00:00:00.000Z,0,5.7,0.17,0,0.6,0.605,563
2023-01-13T00:00:00.000Z,0,4.87,0.23,0,0.67,0.601,504
2023-01-14T00:00:00.000Z,0,1.97,0.1,0,0.3,0.337,566
2023-01-15T00:00:00.000Z,0,4,0.37,0.1,0.67,0.532,485
2023-01-16T00:00:00.000Z,0,3.43,0.1,0,0.27,0.367,547
2023-01-17T00:00:00.000Z,0,8.07,0.97,0.43,1.67,1.224,549
2023-01-18T00:00:00.000Z,0,4.53,0.1,0,0.3,0.413,480
2023-01-19T00:00:00.000Z,0,5.09,0.1,0,0.37,0.472,569
2023-01-20T00:00:00.000Z,0,6.2,0.3,0,0.89,0.838,572
2023-01-21T00:00:00.000Z,0,4.63,1.03,0.56,1.7,0.892,559
2023-01-22T00:00:00.000Z,0,5.09,1.1,0.49,1.77,0.931,552
2023-01-23T00:00:00.000Z,0,5.17,1.8,0.97,2.57,1.095,467
2023-01-24T00:00:00.000Z,0,6,1.29,0.6,2.04,1.066,556
2023-01-25T00:00:00.000Z,0,6.13,0.6,0.3,1.03,0.546,523
2023-01-26T00:00:00.000Z,0,2.9,0.1,0,0.4,0.425,564
2023-01-27T00:00:00.000Z,0,4.3,0,0,0.2,0.364,454
2023-01-28T00:00:00.000Z,0,2.9,0.2,0,0.47,0.364,571
2023-01-29T00:00:00.000Z,0,3.37,0.47,0.2,0.77,0.443,565
2023-01-30T00:00:00.000Z,0,2.47,0.2,0.1,0.43,0.287,561
2023-01-31T00:00:00.000Z,0,7.47,0,0,0.2,0.459,530
2023-02-01T00:00:00.000Z,0,5.3,0.2,0,0.5,0.484,562
2023-02-02T00:00:00.000Z,0,4.2,0.1,0,0.27,0.286,560
2023-02-03T00:00:00.000Z,0,17.37,0.3,0.1,0.6,0.996,411
2023-02-04T00:00:00.000Z,0,3.07,0.2,0,0.4,0.363,574
2023-02-05T00:00:00.000Z,0,4.33,0.3,0.1,0.5,0.392,525
2023-02-06T00:00:00.000Z,0,3.7,0.2,0,0.5,0.423,474
2023-02-07T00:00:00.000Z,0,5.47,1.03,0.5,1.7,0.88,493
2023-02-08T00:00:00.000Z,0,7.43,1.5,0.9,2.29,1.006,433
2023-02-09T00:00:00.000Z,0,8.77,2.23,1.37,3.27,1.392,482
2023-02-10T00:00:00.000Z,0,2,0.2,0.07,0.4,0.304,519
2023-02-11T00:00:00.000Z,0,2.52,0.1,0,0.3,0.294,475
2023-02-12T00:00:00.000Z,0,5.4,0.4,0.1,0.73,0.529,566
2023-02-13T00:00:00.000Z,0,3.4,0.1,0,0.3,0.306,430
2023-02-14T00:00:00.000Z,0,5.27,0.17,0,0.6,1.034,483
2023-02-15T00:00:00.000Z,0,4.73,1.4,0.8,2.1,0.933,453
2023-02-16T00:00:00.000Z,0,7.5,2.1,1.23,3.27,1.552,462
2023-02-17T00:00:00.000Z,0,9.77,1.07,0.37,2.22,1.501,421
2023-02-18T00:00:00.000Z,0,2.47,0.1,0,0.3,0.304,572
2023-02-19T00:00:00.000Z,0,4.23,0.1,0,0.28,0.295,473
2023-02-20T00:00:00.000Z,0,1.57,0.03,0,0.2,0.231,565
2023-02-21T00:00:00.000Z,0,4.53,0.56,0.2,0.97,0.592,561
2023-02-22T00:00:00.000Z,0,9.67,0.6,0.23,1.1,0.833,449
2023-02-23T00:00:00.000Z,0,6.07,0.37,0.07,0.73,0.533,417
2023-02-24T00:00:00.000Z,0,3.93,0.3,0.1,0.6,0.464,571
2023-02-25T00:00:00.000Z,0,2.37,0.2,0,0.43,0.353,468
2023-02-26T00:00:00.000Z,0,3.1,0,0,0.2,0.299,574
2023-02-27T00:00:00.000Z,0,2.8,0,0,0.2,0.326,572
2023-02-28T00:00:00.000Z,0,1.5,0,0,0.1,0.15,460
2023-03-01T00:00:00.000Z,0,10.73,0,0,0.2,0.514,569
2023-03-02T00:00:00.000Z,0,2.47,0.1,0,0.3,0.3,569
2023-03-03T00:00:00.000Z,0,3.4,0.3,0.1,0.5,0.452,565
2023-03-04T00:00:00.000Z,0,5.33,0.13,0,0.3,0.339,574
2023-03-05T00:00:00.000Z,0,3.6,0.07,0,0.2,0.278,572
2023-03-06T00:00:00.000Z,0,4.23,0.1,0,0.2,0.288,565
2023-03-07T00:00:00.000Z,0,5.47,0.56,0.2,0.97,0.674,574
2023-03-08T00:00:00.000Z,0,8.19,0.43,0.2,0.7,0.516,571
2023-03-09T00:00:00.000Z,0,2.6,0.1,0,0.37,0.357,494
2023-03-10T00:00:00.000Z,0,2.57,0.1,0,0.4,0.406,574
2023-03-11T00:00:00.000Z,0,10.17,0.2,0,0.43,0.57,576
2023-03-12T00:00:00.000Z,0,5.03,0.1,0,0.27,0.298,577
2023-03-13T00:00:00.000Z,0,4.33,0.3,0.07,0.59,0.466,573
2023-03-14T00:00:00.000Z,0,5.67,0.19,0,0.4,0.453,404
2023-03-15T00:00:00.000Z,0,1.6,0.1,0,0.3,0.219,569
2023-03-16T00:00:00.000Z,0,4.43,0.1,0,0.37,0.411,563
2023-03-17T00:00:00.000Z,0,5.6,0.6,0.23,1.37,1.008,570
2023-03-18T00:00:00.000Z,0,13.43,1.8,0.97,3.03,1.547,467
2023-03-19T00:00:00.000Z,0,5.4,0.6,0.17,1.35,0.928,572
2023-03-20T00:00:00.000Z,0,7.97,0.23,0,1.12,1.288,574
2023-03-21T00:00:00.000Z,0,6.93,0.2,0,0.5,0.642,575
2023-03-22T00:00:00.000Z,0,5.97,0.6,0.2,1.2,0.94,548
2023-03-23T00:00:00.000Z,0,7.37,0.6,0.2,1.2,0.822,571
2023-03-24T00:00:00.000Z,0,3.9,0.3,0,0.83,0.6,575
2023-03-25T00:00:00.000Z,0,4.17,0.3,0,0.6,0.443,564
2023-03-26T00:00:00.000Z,0,2.33,0.2,0.03,0.4,0.297,544
2023-03-27T00:00:00.000Z,0,2.73,0.4,0.2,0.63,0.37,532
2023-03-28T00:00:00.000Z,0,5.8,0.27,0.09,0.5,0.547,557
2023-03-29T00:00:00.000Z,0,4.5,0.1,0,0.37,0.408,491
2023-03-30T00:00:00.000Z,0,3.7,0.1,0,0.33,0.341,575
2023-03-31T00:00:00.000Z,0,2.57,0.27,0.1,0.5,0.325,571
2023-04-01T00:00:00.000Z,0,3,0.07,0,0.3,0.335,549
2023-04-02T00:00:00.000Z,0,2.57,0.1,0,0.3,0.318,566
2023-04-03T00:00:00.000Z,0,2,0,0,0.3,0.315,566
2023-04-04T00:00:00.000Z,0,8.67,0,0,0.2,0.466,575
2023-04-05T00:00:00.000Z,0,11.63,0.2,0,0.5,1.029,574
2023-04-06T00:00:00.000Z,0,4.8,0.2,0,0.5,0.468,583
2023-04-07T00:00:00.000Z,0,2.52,0.2,0,0.5,0.44,559
2023-04-08T00:00:00.000Z,0,7.27,0.1,0,0.33,0.442,582
2023-04-09T00:00:00.000Z,0,6.1,0.1,0,0.3,0.492,581
2023-04-10T00:00:00.000Z,0,3.6,0.23,0,0.56,0.491,483
2023-04-11T00:00:00.000Z,0,34.86,0.83,0.3,1.65,2.179,576
2023-04-12T00:00:00.000Z,0,10.53,1.2,0.45,2.37,1.452,573
2023-04-13T00:00:00.000Z,0,5.09,1.23,0.63,1.87,0.891,581
2023-04-14T00:00:00.000Z,0,6,1.1,0.6,1.67,0.784,579
2023-04-15T00:00:00.000Z,0,4.73,0.77,0.37,1.23,0.628,582
2023-04-16T00:00:00.000Z,0,5.07,0.4,0.1,0.87,0.589,584
2023-04-17T00:00:00.000Z,0,27.67,0.3,0.03,0.7,1.488,574
2023-04-18T00:00:00.000Z,0,6.4,0.17,0,0.47,0.573,577
2023-04-19T00:00:00.000Z,0,10.37,0.1,0,0.37,0.786,496
2023-04-20T00:00:00.000Z,0,30.27,0.1,0,0.3,1.287,578
2023-04-21T00:00:00.000Z,0,17.37,0.1,0,0.37,0.905,524
2023-04-22T00:00:00.000Z,0,3.7,0.1,0,0.4,0.385,511
2023-04-23T00:00:00.000Z,0,6.53,0.2,0,1.03,1.15,375
2023-04-24T00:00:00.000Z,0,6.9,0.5,0.2,0.93,0.695,572
2023-04-25T00:00:00.000Z,0,5.47,0.5,0.13,1.07,0.765,581
2023-04-26T00:00:00.000Z,0,4.43,0.1,0,0.4,0.579,578
2023-04-27T00:00:00.000Z,0,25.4,0.08,0,0.27,1.516,582
2023-04-28T00:00:00.000Z,0,1.9,0.07,0,0.2,0.26,402
2023-04-29T00:00:00.000Z,0,3.1,0.1,0,0.37,0.41,580
2023-04-30T00:00:00.000Z,0,1.7,0.2,0.1,0.4,0.281,423
2023-05-01T00:00:00.000Z,0,3.3,0.4,0.1,0.77,0.564,576
2023-05-02T00:00:00.000Z,0,3,0.1,0,0.3,0.298,575
2023-05-03T00:00:00.000Z,0,4.13,0.1,0,0.27,0.387,416
2023-05-04T00:00:00.000Z,0,16.27,0.1,0,0.33,0.835,578
2023-05-05T00:00:00.000Z,0,6.23,0.13,0,0.43,0.531,415
2023-05-06T00:00:00.000Z,0,9.6,0.13,0,0.4,0.638,569
2023-05-07T00:00:00.000Z,0,4.43,0.2,0,0.47,0.427,449
2023-05-08T00:00:00.000Z,0,2.06,0.2,0,0.53,0.376,570
2023-05-09T00:00:00.000Z,0,33.29,0.7,0.3,1.1,1.575,529
2023-05-10T00:00:00.000Z,0,4.93,0.53,0.17,1,0.612,571
2023-05-11T00:00:00.000Z,0,18.2,0.4,0.07,0.8,0.957,571
2023-05-12T00:00:00.000Z,0,4.2,0.33,0,0.73,0.5,570
2023-05-13T00:00:00.000Z,0,6.73,0.4,0.1,0.8,0.611,580
2023-05-14T00:00:00.000Z,0,3.28,0.5,0.2,0.87,0.519,575
2023-05-15T00:00:00.000Z,0,5.47,0.77,0.2,1.4,0.817,569
2023-05-16T00:00:00.000Z,0,5.97,1.09,0.4,2.02,1.097,456
2023-05-17T00:00:00.000Z,0,2.77,0.1,0,0.33,0.437,565
2023-05-18T00:00:00.000Z,0,1.1,0,0,0.2,0.185,238
2023-05-22T00:00:00.000Z,0,2.42,0.43,0.2,0.77,0.463,275
2023-05-23T00:00:00.000Z,0,3.23,0.38,0.1,0.7,0.452,577
2023-05-24T00:00:00.000Z,0,3.17,0.47,0.2,0.8,0.496,580
2023-05-25T00:00:00.000Z,0,7.27,0.4,0.13,0.7,0.591,539
2023-05-26T00:00:00.000Z,0,15.67,0.2,0.1,0.4,0.784,430
2023-05-27T00:00:00.000Z,0,2.29,0.13,0,0.4,0.318,465
2023-05-28T00:00:00.000Z,0,2.8,0.53,0.23,1,0.585,491
2023-05-29T00:00:00.000Z,0,2.57,0.17,0,0.3,0.302,505
2023-05-30T00:00:00.000Z,0,4.23,0.2,0.07,0.47,0.354,578
2023-05-31T00:00:00.000Z,0,4.83,0.17,0,0.4,0.389,354
2023-06-01T00:00:00.000Z,0,2.33,0.1,0,0.3,0.277,569
2023-06-02T00:00:00.000Z,0,2.27,0,0,0.2,0.237,577
2023-06-03T00:00:00.000Z,0,1.3,0.1,0,0.3,0.227,475
2023-06-04T00:00:00.000Z,0,1.57,0.03,0,0.2,0.184,581
2023-06-05T00:00:00.000Z,0,3,0.2,0.1,0.43,0.348,574
2023-06-06T00:00:00.000Z,0,12.13,0.4,0.1,0.83,0.825,363
2023-06-07T00:00:00.000Z,0,3.33,0.1,0,0.3,0.299,576
2023-06-08T00:00:00.000Z,0,2.8,0.27,0.05,0.63,0.454,440
2023-06-09T00:00:00.000Z,0,3.2,0.2,0,0.37,0.268,578
2023-06-10T00:00:00.000Z,0,1.8,0.1,0,0.27,0.216,581
2023-06-11T00:00:00.000Z,0,3.6,0.1,0,0.3,0.347,582
2023-06-12T00:00:00.000Z,0,2.17,0.2,0.1,0.43,0.297,574
2023-06-13T00:00:00.000Z,0,9.73,0.28,0.1,0.6,0.583,579
2023-06-14T00:00:00.000Z,0,4.43,0.3,0.03,0.94,0.665,569
2023-06-15T00:00:00.000Z,0,10.8,0.5,0.1,1,0.792,581
2023-06-16T00:00:00.000Z,0,5.35,0.88,0.3,1.67,0.844,579
2023-06-17T00:00:00.000Z,0,4.93,1.1,0.4,1.99,1,560
2023-06-18T00:00:00.000Z,0,8.02,2.13,0.77,3.59,1.81,521
2023-06-19T00:00:00.000Z,0,8.6,1.97,0.93,3.4,1.633,367
2023-06-20T00:00:00.000Z,0,6.37,0.56,0.2,1,0.665,550
2023-06-21T00:00:00.000Z,0,3.72,0.8,0.3,1.4,0.726,559
2023-06-22T00:00:00.000Z,0,46.83,1.07,0.67,1.7,3.178,579
2023-06-23T00:00:00.000Z,0,3.67,0.7,0.3,1.2,0.625,580
2023-06-24T00:00:00.000Z,0,2.6,0.3,0.1,0.5,0.341,583
2023-06-25T00:00:00.000Z,0,2.63,0.27,0.1,0.55,0.365,582
2023-06-26T00:00:00.000Z,0,3.2,0.4,0.2,0.81,0.492,496
2023-06-27T00:00:00.000Z,0,3.47,0.97,0.5,1.43,0.697,576
2023-06-28T00:00:00.000Z,0,9.52,0.6,0.23,1.12,0.755,579
2023-06-29T00:00:00.000Z,0,5.47,0.6,0.2,1.1,0.703,582
2023-06-30T00:00:00.000Z,0,5.2,0.43,0.1,0.87,0.592,577
2023-07-01T00:00:00.000Z,0,3.4,0.73,0.32,1.2,0.589,384
2023-07-02T00:00:00.000Z,0,5.09,0.3,0,0.77,0.641,579
2023-07-03T00:00:00.000Z,0,2.47,0.6,0.23,0.97,0.503,574
2023-07-04T00:00:00.000Z,0,2.7,0.63,0.3,0.97,0.464,430
2023-07-05T00:00:00.000Z,0,2.47,0.46,0.2,0.77,0.445,570
2023-07-06T00:00:00.000Z,0,3.37,0.73,0.37,1.6,0.821,291
2023-07-07T00:00:00.000Z,0,2.43,0.3,0.1,0.6,0.353,543
2023-07-08T00:00:00.000Z,0,3.03,0.3,0.1,0.63,0.398,339
2023-07-09T00:00:00.000Z,0,55.4,0.2,0,0.55,3.096,374
2023-07-10T00:00:00.000Z,0,3.87,0.2,0,0.47,0.365,366
2023-07-11T00:00:00.000Z,0,4.67,0.4,0.2,0.73,0.411,553
2023-07-12T00:00:00.000Z,0,3.3,0.6,0.27,1,0.528,574
2023-07-13T00:00:00.000Z,0,2.52,0.23,0.1,0.5,0.336,572
2023-07-14T00:00:00.000Z,0,1.8,0.3,0.1,0.5,0.323,573
2023-07-15T00:00:00.000Z,0,6.8,0.2,0.1,0.4,0.392,580
2023-07-16T00:00:00.000Z,0,3.2,0.43,0.12,0.8,0.482,580
2023-07-17T00:00:00.000Z,0,6.8,0.6,0.27,1,0.65,370
2023-07-18T00:00:00.000Z,0,1.77,0.3,0.1,0.53,0.292,580
2023-07-19T00:00:00.000Z,0,6.03,0.1,0,0.33,0.393,464
2023-07-20T00:00:00.000Z,0,2.6,0.2,0.03,0.4,0.365,561
2023-07-21T00:00:00.000Z,0,1.77,0.2,0,0.4,0.29,511
2023-07-22T00:00:00.000Z,0,1.83,0.2,0.1,0.4,0.292,506
2023-07-23T00:00:00.000Z,0,2.5,0.13,0,0.33,0.278,497
2023-07-24T00:00:00.000Z,0,5.53,0.35,0.1,0.73,0.88,561
2023-07-25T00:00:00.000Z,0,5.07,0.3,0.1,0.87,0.8,568
2023-07-26T00:00:00.000Z,0,2.52,0.1,0,0.3,0.294,580
2023-07-27T00:00:00.000Z,0,2.43,0.1,0,0.31,0.299,581
2023-07-28T00:00:00.000Z,0,1.37,0.1,0,0.27,0.219,580
2023-07-29T00:00:00.000Z,0,2.83,0.28,0.1,0.47,0.29,584
2023-07-30T00:00:00.000Z,0,2.77,0.2,0,0.67,0.528,582
2023-07-31T00:00:00.000Z,0,7,0.07,0,0.37,0.619,583
2023-08-01T00:00:00.000Z,0,3.67,0.3,0.1,0.6,0.401,581
2023-08-02T00:00:00.000Z,0,3.67,0.2,0.07,0.4,0.326,577
2023-08-03T00:00:00.000Z,0,3.77,0.6,0.1,1.3,0.782,573
2023-08-04T00:00:00.000Z,0,3.23,0.28,0.1,0.53,0.359,583
2023-08-05T00:00:00.000Z,0,3.4,0.28,0,0.6,0.438,582
2023-08-06T00:00:00.000Z,0,6.53,1.03,0.33,2.23,1.362,583
2023-08-07T00:00:00.000Z,0,10.13,1.2,0.12,3.3,2.405,573
2023-08-08T00:00:00.000Z,0,2.02,0.27,0.1,0.55,0.357,580
2023-08-09T00:00:00.000Z,0,4.57,0.37,0.1,0.63,0.459,578
2023-08-10T00:00:00.000Z,0,2.7,0.17,0,0.4,0.365,571
2023-08-11T00:00:00.000Z,0,6.5,0.1,0.03,0.33,0.455,574
2023-08-12T00:00:00.000Z,0,2.47,0.2,0,0.43,0.334,584
2023-08-13T00:00:00.000Z,0,2.5,0.2,0.1,0.6,0.456,583
2023-08-14T00:00:00.000Z,0,6.8,0.3,0.1,0.67,0.535,584
2023-08-15T00:00:00.000Z,0,5.4,0.43,0.13,0.9,0.641,582
2023-08-16T00:00:00.000Z,0,6.7,0.33,0.1,0.83,0.877,582
2023-08-17T00:00:00.000Z,0,8.68,0.2,0.1,0.45,0.479,578
2023-08-18T00:00:00.000Z,0,6.03,0.5,0.2,0.77,0.475,579
2023-08-19T00:00:00.000Z,0,3.6,0.67,0.3,1.19,0.63,581
2023-08-20T00:00:00.000Z,0,4.63,0.43,0.13,1,0.836,559
2023-08-21T00:00:00.000Z,0,3.03,0.3,0.1,0.63,0.432,564
2023-08-22T00:00:00.000Z,0,4.09,0.37,0.1,0.77,0.531,578
2023-08-23T00:00:00.000Z,0,6.75,0.33,0.1,0.67,0.498,581
2023-08-24T00:00:00.000Z,0,3.9,0.2,0,0.49,0.376,581
2023-08-25T00:00:00.000Z,0,3.73,0.3,0.07,0.7,0.509,578
2023-08-26T00:00:00.000Z,0,6.77,0.87,0.47,1.47,1.074,583
2023-08-27T00:00:00.000Z,0,5.03,0.23,0.1,0.5,0.577,570
2023-08-28T00:00:00.000Z,0,2.06,0.1,0,0.3,0.284,579
2023-08-29T00:00:00.000Z,0,2.5,0.13,0,0.37,0.294,583
2023-08-30T00:00:00.000Z,0,4.33,0.13,0,0.4,0.465,575
2023-08-31T00:00:00.000Z,0,3.2,0.2,0,0.4,0.341,583
2023-09-01T00:00:00.000Z,0,2.57,0,0,0.1,0.288,580
2023-09-02T00:00:00.000Z,0,4.63,0.1,0,0.3,0.339,581
2023-09-03T00:00:00.000Z,0,4.03,0.1,0,0.2,0.257,579
2023-09-04T00:00:00.000Z,0,5.7,0.43,0.2,0.73,0.491,578
2023-09-05T00:00:00.000Z,0,3.33,0.5,0.2,0.85,0.465,580
2023-09-06T00:00:00.000Z,0,3.7,0.1,0,0.2,0.28,576
2023-09-07T00:00:00.000Z,0,3.9,0.1,0,0.3,0.398,582
2023-09-08T00:00:00.000Z,0,5.2,0.43,0.1,0.9,0.638,583
2023-09-09T00:00:00.000Z,0,10.53,0.55,0.2,1.12,1.138,573
2023-09-10T00:00:00.000Z,0,6.47,1.27,0.53,2.02,1.079,579
2023-09-11T00:00:00.000Z,0,7.87,1.23,0.63,2.13,1.175,581
2023-09-12T00:00:00.000Z,0,6.6,1.2,0.47,2.13,1.163,579
2023-09-13T00:00:00.000Z,0,7,0.1,0,0.43,0.578,562
2023-09-14T00:00:00.000Z,0,4.8,0,0,0.13,0.369,579
2023-09-15T00:00:00.000Z,0,11.27,0.1,0,0.3,0.544,559
2023-09-16T00:00:00.000Z,0,4.07,0.2,0.03,0.47,0.413,582
2023-09-17T00:00:00.000Z,0,2.73,0.03,0,0.2,0.269,583
2023-09-18T00:00:00.000Z,0,5.13,0.2,0,0.5,0.456,572
2023-09-19T00:00:00.000Z,0,11.6,0.87,0.4,2.4,1.685,567
2023-09-20T00:00:00.000Z,0,2.27,0.1,0,0.3,0.287,552
2023-09-21T00:00:00.000Z,0,6.13,0.45,0.2,0.83,0.594,581
2023-09-22T00:00:00.000Z,0,7.03,1,0.5,1.8,1.034,578
2023-09-23T00:00:00.000Z,0,2.93,0.2,0,0.4,0.371,583
2023-09-24T00:00:00.000Z,0,2.1,0.2,0.03,0.3,0.254,575
2023-09-25T00:00:00.000Z,0,12.97,0.2,0,0.45,0.64,581
2023-09-26T00:00:00.000Z,0,4.53,0.3,0.05,0.67,0.549,556
2023-09-27T00:00:00.000Z,0,8.52,0.56,0.1,1.2,0.866,573
2023-09-28T00:00:00.000Z,0,7.73,0.97,0.23,2.23,1.497,579
2023-09-29T00:00:00.000Z,0,5.87,0.56,0.1,1.12,0.887,583
2023-09-30T00:00:00.000Z,0,8.93,0.4,0.13,0.83,0.687,578
2023-10-01T00:00:00.000Z,0,4.07,0.2,0,0.4,0.4,563
2023-10-02T00:00:00.000Z,0,2.63,0.2,0,0.53,0.387,565
2023-10-03T00:00:00.000Z,0,4,0,0,0.23,0.472,575
2023-10-04T00:00:00.000Z,0,2.17,0.1,0,0.4,0.346,578
2023-10-05T00:00:00.000Z,0,3.63,0.1,0,0.3,0.351,575
2023-10-06T00:00:00.000Z,0,2.83,0,0,0.4,0.439,574
2023-10-07T00:00:00.000Z,0,1.9,0.1,0,0.2,0.182,573
2023-10-08T00:00:00.000Z,0,2.02,0.03,0,0.17,0.205,572
2023-10-09T00:00:00.000Z,0,3.53,0,0,0.1,0.247,559
2023-10-10T00:00:00.000Z,0,4.03,0.1,0,0.3,0.33,532
2023-10-11T00:00:00.000Z,0,6.53,0.93,0.4,2.02,1.25,563
2023-10-12T00:00:00.000Z,0,5.33,0.2,0.03,0.5,0.457,565
2023-10-13T00:00:00.000Z,0,5,0.2,0,0.56,0.521,566
2023-10-14T00:00:00.000Z,0,3.5,0.5,0.23,0.89,0.485,576
2023-10-15T00:00:00.000Z,0,2.1,0,0,0.19,0.22,580
2023-10-16T00:00:00.000Z,0,3,0,0,0.2,0.223,571
2023-10-17T00:00:00.000Z,0,31.1,0,0,0.17,1.321,568
2023-10-18T00:00:00.000Z,0,8.69,0.1,0,0.37,0.51,557
2023-10-19T00:00:00.000Z,0,2.43,0.3,0.07,0.56,0.385,561
2023-10-20T00:00:00.000Z,0,5.03,0.5,0.27,0.8,0.435,579
2023-10-21T00:00:00.000Z,0,3.03,0.7,0.35,1.1,0.509,577
2023-10-22T00:00:00.000Z,0,1.9,0.1,0,0.3,0.261,580
2023-10-23T00:00:00.000Z,0,9,0.1,0,0.33,0.483,582
2023-10-24T00:00:00.000Z,0,47.9,0.4,0.1,0.83,2.192,573
2023-10-25T00:00:00.000Z,0,141.19,1,0.6,1.57,10.024,571
2023-10-26T00:00:00.000Z,0,3.07,0.53,0.23,0.9,0.543,578
2023-10-27T00:00:00.000Z,0,6.5,0.9,0.43,1.37,0.703,577
2023-10-28T00:00:00.000Z,0,2.2,0.22,0.07,0.53,0.353,584
2023-10-29T00:00:00.000Z,0,1.9,0.1,0,0.37,0.316,579
2023-10-30T00:00:00.000Z,0,3.6,0.39,0.17,0.7,0.438,582
2023-10-31T00:00:00.000Z,0,2.37,0,0,0.3,0.427,583
2023-11-01T00:00:00.000Z,0,1.12,0,0,0.1,0.15,571
2023-11-02T00:00:00.000Z,0,4.03,0.3,0.1,0.77,0.747,574
2023-11-03T00:00:00.000Z,0,11.87,1.7,0,3.37,2.107,583
2023-11-04T00:00:00.000Z,0,4.59,0,0,0.22,0.723,581
2023-11-05T00:00:00.000Z,0,5.67,0.83,0.2,1.57,0.901,580
2023-11-06T00:00:00.000Z,0,4.87,0.63,0.2,1.4,0.865,571
2023-11-07T00:00:00.000Z,0,2.8,0.1,0,0.4,0.574,577
2023-11-08T00:00:00.000Z,0,8.1,0.17,0,0.5,0.555,575
2023-11-09T00:00:00.000Z,0,7.43,0.1,0,0.67,0.653,545
2023-11-10T00:00:00.000Z,0,6.23,0.23,0,0.63,0.656,548
2023-11-11T00:00:00.000Z,0,6.67,0.27,0,0.8,0.847,545
2023-11-12T00:00:00.000Z,0,2.13,0.23,0,0.49,0.392,353
2023-11-13T00:00:00.000Z,0,5.23,0.23,0.07,0.5,0.417,569
2023-11-14T00:00:00.000Z,0,4.26,0.27,0.03,0.56,0.53,573
2023-11-15T00:00:00.000Z,0,3,0.37,0.1,0.77,0.492,579
2023-11-16T00:00:00.000Z,0,3.6,0.7,0.3,1.2,0.694,573
2023-11-17T00:00:00.000Z,0,19.73,0.33,0.1,0.67,0.953,578
2023-11-18T00:00:00.000Z,0,2.5,0.3,0.1,0.6,0.393,577
2023-11-19T00:00:00.000Z,0,3.8,0.6,0.2,1.23,0.724,578
2023-11-20T00:00:00.000Z,0,4.4,0.43,0,0.93,0.686,577
2023-11-21T00:00:00.000Z,0,9.69,0.27,0.03,0.56,0.567,575
2023-11-22T00:00:00.000Z,0,4.33,0.47,0,1,0.751,578
2023-11-23T00:00:00.000Z,0,1.37,0.1,0,0.23,0.235,577
2023-11-24T00:00:00.000Z,0,5.5,0.2,0,0.4,0.359,573
2023-11-25T00:00:00.000Z,0,3.63,0.3,0.1,0.5,0.329,579
2023-11-26T00:00:00.000Z,0,3.77,0.1,0,0.3,0.282,578
2023-11-27T00:00:00.000Z,0,4.2,0.43,0.2,0.83,0.484,537
2023-11-28T00:00:00.000Z,0,3.27,0.43,0.2,0.73,0.452,575
2023-11-29T00:00:00.000Z,0,4.37,0.33,0,0.8,0.564,571
2023-11-30T00:00:00.000Z,0,4.97,0.63,0.3,1.1,0.601,583
2023-12-01T00:00:00.000Z,0,4.43,0.47,0.17,0.87,0.556,557
2023-12-02T00:00:00.000Z,0,2.73,0.53,0.2,0.93,0.49,566
2023-12-03T00:00:00.000Z,0,3.4,0.53,0.27,0.93,0.496,570
2023-12-04T00:00:00.000Z,0,16.93,0.53,0.27,0.9,0.901,520
2023-12-05T00:00:00.000Z,0,8.93,0.87,0.47,1.4,0.809,561
2023-12-06T00:00:00.000Z,0,6.43,0.9,0.37,1.5,1.041,571
2023-12-07T00:00:00.000Z,0,5.23,0.77,0.3,1.47,0.954,569
2023-12-08T00:00:00.000Z,0,7.67,1.87,1,2.83,1.43,579
2023-12-09T00:00:00.000Z,0,6.33,1.03,0.49,1.9,1.233,580
2023-12-10T00:00:00.000Z,0,9.3,2.83,1.6,4.26,1.877,583
2023-12-11T00:00:00.000Z,0,8.73,2,1.23,3,1.506,563
2023-12-12T00:00:00.000Z,0,5.3,1.17,0.56,1.9,1.025,564
2023-12-13T00:00:00.000Z,0,2.83,0.73,0.3,1.17,0.579,528
2023-12-14T00:00:00.000Z,0,3.1,0.5,0.27,0.93,0.488,522
2023-12-15T00:00:00.000Z,0,4.07,0.63,0.27,1.17,0.651,521
2023-12-16T00:00:00.000Z,0,3.17,0.67,0.3,1.07,0.576,579
2023-12-17T00:00:00.000Z,0,4.23,0.2,0,0.53,0.459,567
2023-12-18T00:00:00.000Z,0,12.03,0.2,0,0.5,0.664,575
2023-12-19T00:00:00.000Z,0,3.17,0.3,0.1,0.5,0.396,574
2023-12-20T00:00:00.000Z,0,3.87,0.1,0,0.47,0.481,569
2023-12-21T00:00:00.000Z,0,4.33,0.37,0.1,0.9,0.736,571
2023-12-22T00:00:00.000Z,0,4.23,0.3,0.1,0.56,0.374,579
2023-12-23T00:00:00.000Z,0,1.83,0.4,0.2,0.63,0.344,582
2023-12-24T00:00:00.000Z,0,3.43,0.37,0.1,0.67,0.474,580
2023-12-25T00:00:00.000Z,0,3.93,0.37,0.1,0.7,0.498,583
2023-12-26T00:00:00.000Z,0,3.53,0.5,0.2,0.93,0.509,511
2023-12-27T00:00:00.000Z,0,5.03,0.2,0.1,0.5,0.429,578
2023-12-28T00:00:00.000Z,0,5.6,0.17,0,0.5,0.54,576
2023-12-29T00:00:00.000Z,0,4.9,0.17,0,0.53,0.571,577
2023-12-30T00:00:00.000Z,0,4.59,0.47,0.13,0.87,0.604,584
2023-12-31T00:00:00.000Z,0,16.43,0.5,0.2,1,1.222,579
2024-01-01T00:00:00.000Z,0,2.73,0.87,0.5,1.27,0.529,575
2024-01-02T00:00:00.000Z,0,2.2,0.56,0.3,0.9,0.433,553
2024-01-03T00:00:00.000Z,0,5.8,0.4,0.2,0.6,0.39,571
2024-01-04T00:00:00.000Z,0,5.4,0.67,0.37,1.03,0.506,582
2024-01-05T00:00:00.000Z,0,4.33,0.5,0.2,0.87,0.507,579
2024-01-06T00:00:00.000Z,0,4.8,0.53,0.27,0.93,0.541,583
2024-01-07T00:00:00.000Z,0,3.53,0.73,0.37,1.17,0.656,582
2024-01-08T00:00:00.000Z,0,1.97,0.6,0.32,0.87,0.378,576
2024-01-09T00:00:00.000Z,0,1.83,0.27,0.1,0.43,0.273,549
2024-01-10T00:00:00.000Z,0,1.33,0.03,0,0.2,0.183,577
2024-01-11T00:00:00.000Z,0,3.2,0,0,0.1,0.273,565
2024-01-12T00:00:00.000Z,0,1.57,0.1,0,0.23,0.22,557
2024-01-13T00:00:00.000Z,0,4.03,0.2,0,0.5,0.466,580
2024-01-14T00:00:00.000Z,0,2.77,0.13,0,0.4,0.434,562
2024-01-15T00:00:00.000Z,0,2.02,0.2,0.1,0.47,0.312,535
2024-01-16T00:00:00.000Z,0,2.8,0.2,0,0.4,0.332,568
2024-01-17T00:00:00.000Z,0,7.57,0.37,0.07,0.83,0.721,575
2024-01-18T00:00:00.000Z,0,3.2,0.3,0.2,0.5,0.289,577
2024-01-19T00:00:00.000Z,0,5.67,0.37,0.1,0.73,0.748,579
2024-01-20T00:00:00.000Z,0,4.93,0.77,0.3,1.33,0.834,583
2024-01-21T00:00:00.000Z,0,4.37,0.5,0.12,1.1,0.84,581
2024-01-22T00:00:00.000Z,0,4.9,1.17,0.56,1.93,0.967,552
2024-01-23T00:00:00.000Z,0,6.37,0.43,0,1.57,0.976,577
2024-01-24T00:00:00.000Z,0,5.4,0.1,0,0.5,0.58,567
2024-01-25T00:00:00.000Z,0,1.9,0.13,0,0.33,0.316,578
2024-01-26T00:00:00.000Z,0,5.09,0.3,0.1,0.83,0.85,573
2024-01-27T00:00:00.000Z,0,6.33,0.2,0,0.6,0.627,582
2024-01-28T00:00:00.000Z,0,3.7,0.67,0.37,1,0.57,569
2024-01-29T00:00:00.000Z,0,7.37,0.67,0.3,1.17,0.776,579
2024-01-30T00:00:00.000Z,0,6.23,0.77,0.2,1.47,0.954,573
2024-01-31T00:00:00.000Z,0,4.4,0.6,0.3,1.07,0.674,578
2024-02-01T00:00:00.000Z,0,3.43,0.4,0.13,0.7,0.451,570
2024-02-02T00:00:00.000Z,0,15.2,0.23,0,0.6,0.791,558
2024-02-03T00:00:00.000Z,0,2.23,0.37,0.13,0.6,0.388,574
2024-02-04T00:00:00.000Z,0,1.93,0.2,0,0.37,0.297,574
2024-02-05T00:00:00.000Z,0,5,0.03,0,0.2,0.33,555
2024-02-06T00:00:00.000Z,0,5.6,0.27,0,0.63,0.522,542
2024-02-07T00:00:00.000Z,0,5.8,0.33,0.1,0.7,0.515,563
2024-02-08T00:00:00.000Z,0,4.07,0.23,0,0.56,0.481,564
2024-02-09T00:00:00.000Z,0,3.37,0.5,0.2,0.9,0.49,574
2024-02-10T00:00:00.000Z,0,3.57,1.07,0.6,1.57,0.702,578
2024-02-11T00:00:00.000Z,0,12.7,2.57,1.7,3.73,1.803,580
2024-02-12T00:00:00.000Z,0,10.19,4.8,3.53,6.23,1.953,569
2024-02-13T00:00:00.000Z,0,7.8,1.03,0.37,1.9,1.255,574
2024-02-14T00:00:00.000Z,0,26.53,0.73,0.2,1.4,1.432,570
2024-02-15T00:00:00.000Z,0,10.02,1.47,0.5,3.23,2.035,570
2024-02-16T00:00:00.000Z,0,9.17,0.1,0,0.93,1.767,582
2024-02-17T00:00:00.000Z,0,2.47,0,0,0,0.166,584
2024-02-18T00:00:00.000Z,0,10.67,0,0,0.1,0.535,583
2024-02-19T00:00:00.000Z,0,4,0.93,0.4,1.63,0.849,561
2024-02-20T00:00:00.000Z,0,4.09,0.63,0.23,1.12,0.679,563
2024-02-21T00:00:00.000Z,0,3.27,0.3,0,0.67,0.539,540
2024-02-22T00:00:00.000Z,0,10.13,0.87,0.2,2.4,1.945,475
2024-02-23T00:00:00.000Z,0,10,0.55,0.1,3.8,2.448,442
2024-02-24T00:00:00.000Z,0,6.9,0.27,0,0.67,0.786,352
2024-02-25T00:00:00.000Z,0,3.97,0.6,0.2,1.1,0.732,581
2024-02-26T00:00:00.000Z,0,13.47,1.7,0.72,2.93,1.648,537
2024-02-27T00:00:00.000Z,0,6.7,0.93,0.4,1.77,1.008,545
2024-02-28T00:00:00.000Z,0,4.5,0.5,0.13,0.9,0.529,579
2024-02-29T00:00:00.000Z,0,6.23,1.3,0.7,2.13,1.097,541
2024-03-01T00:00:00.000Z,0,9.8,3.1,1.7,4.63,1.924,564
2024-03-02T00:00:00.000Z,0,12.53,3.33,1.85,4.97,2.137,581
2024-03-03T00:00:00.000Z,0,13.47,3.63,2.5,4.87,1.717,583
2024-03-04T00:00:00.000Z,0,12.03,3.33,1.89,4.69,1.914,576
2024-03-05T00:00:00.000Z,0,13,1.92,1.1,3.9,2.439,578
2024-03-06T00:00:00.000Z,0,6.6,0.4,0.1,0.83,0.691,572
2024-03-07T00:00:00.000Z,0,6.43,0.33,0.09,0.73,0.584,565
2024-03-08T00:00:00.000Z,0,11.5,0.37,0.1,0.79,0.782,565
2024-03-09T00:00:00.000Z,0,3.9,0.63,0.37,1.1,0.604,579
2024-03-10T00:00:00.000Z,0,5.13,0.7,0.33,0.97,0.484,577
2024-03-11T00:00:00.000Z,0,5.7,0.63,0.33,1.03,0.569,564
2024-03-12T00:00:00.000Z,0,5,0.56,0.2,1.07,0.657,561
2024-03-13T00:00:00.000Z,0,4.07,0.63,0.1,1.13,0.739,57
2024-03-16T00:00:00.000Z,0,2.37,0.1,0,0.23,0.25,137
2024-03-17T00:00:00.000Z,0,1.6,0.1,0,0.3,0.264,576
2024-03-18T00:00:00.000Z,0,10.19,0.03,0,0.27,0.62,580
2024-03-19T00:00:00.000Z,0,6.13,0.2,0,0.4,0.444,582
2024-03-20T00:00:00.000Z,0,10.53,0.43,0.07,1.17,1.026,581
2024-03-21T00:00:00.000Z,0,10.57,0.6,0.2,1.2,0.875,585
2024-03-22T00:00:00.000Z,0,3.23,0.73,0.3,1.33,0.7,500
2024-03-23T00:00:00.000Z,0,2.93,0.35,0,0.87,0.613,540
2024-03-24T00:00:00.000Z,0,5.57,0.3,0,0.7,0.569,582
2024-03-25T00:00:00.000Z,0,2.97,0.37,0.1,0.7,0.469,563
2024-03-26T00:00:00.000Z,0,16.47,0.97,0.4,1.7,1.119,573
2024-03-27T00:00:00.000Z,0,12.33,2.37,1.33,3.5,1.659,581
2024-03-28T00:00:00.000Z,0,8.83,2.33,1.4,3.37,1.569,586
2024-03-29T00:00:00.000Z,0,9.97,1.69,0.67,3.07,1.708,366
2024-03-30T00:00:00.000Z,0,4.63,0.23,0,0.6,0.535,583
2024-03-31T00:00:00.000Z,0,35.6,0.56,0.23,1.07,2.473,585
2024-04-01T00:00:00.000Z,0,10.4,0.63,0.3,1.07,0.87,567
2024-04-02T00:00:00.000Z,0,8.93,1.43,0.93,1.97,0.884,570
2024-04-03T00:00:00.000Z,0,3.83,0.3,0.1,0.7,0.463,556
2024-04-04T00:00:00.000Z,0,7.2,0.3,0.07,0.6,0.572,566
2024-04-05T00:00:00.000Z,0,4.53,0.6,0.17,1.37,0.897,578
2024-04-06T00:00:00.000Z,0,2.9,0.35,0.1,0.67,0.391,586
2024-04-07T00:00:00.000Z,0,4.17,0.8,0.4,1.33,0.731,580
2024-04-08T00:00:00.000Z,0,7.7,0.3,0.1,0.73,0.647,559
2024-04-09T00:00:00.000Z,0,8.52,0.4,0.1,1.07,0.879,557
2024-04-10T00:00:00.000Z,0,4.07,0.56,0.3,0.97,0.576,570
2024-04-11T00:00:00.000Z,0,4.93,0.53,0.23,0.92,0.564,561
2024-04-12T00:00:00.000Z,0,5.43,0.77,0.37,1.35,0.773,569
2024-04-13T00:00:00.000Z,0,1.9,0.27,0.1,0.47,0.288,580
2024-04-14T00:00:00.000Z,0,2.67,0,0,0.1,0.295,583
2024-04-15T00:00:00.000Z,0,2.29,0.03,0,0.2,0.244,580
2024-04-16T00:00:00.000Z,0,6.83,0.17,0,0.4,0.466,579
2024-04-17T00:00:00.000Z,0,3.8,0.2,0.07,0.49,0.394,568
2024-04-18T00:00:00.000Z,0,3.47,0.53,0.2,1.03,0.562,577
2024-04-19T00:00:00.000Z,0,4.03,0.53,0.27,0.93,0.537,575
2024-04-20T00:00:00.000Z,0,4.37,0.27,0.1,0.5,0.437,558
2024-04-21T00:00:00.000Z,0,3.5,0.47,0.2,0.77,0.392,581
2024-04-22T00:00:00.000Z,0,3.4,0.56,0.3,0.93,0.481,571
2024-04-23T00:00:00.000Z,0,7.43,0.43,0.13,0.8,0.614,556
2024-04-24T00:00:00.000Z,0,5.09,0.5,0.1,1.23,1.018,575
2024-04-25T00:00:00.000Z,0,12.7,0.6,0.2,1.47,1.116,575
2024-04-26T00:00:00.000Z,0,2.9,0.17,0,0.47,0.422,563
2024-04-27T00:00:00.000Z,0,6.63,0.83,0.23,1.6,0.989,576
2024-04-28T00:00:00.000Z,0,5.03,1.03,0.5,1.6,0.883,578
2024-04-29T00:00:00.000Z,0,11.63,0.47,0.1,1.07,0.866,581
2024-04-30T00:00:00.000Z,0,18.13,0.2,0,0.5,0.914,581
2024-05-01T00:00:00.000Z,0,5.87,0.5,0.22,1,0.958,556
2024-05-02T00:00:00.000Z,0,2.87,0.23,0.1,0.43,0.307,571
2024-05-03T00:00:00.000Z,0,4.47,0.3,0.09,0.53,0.427,576
2024-05-04T00:00:00.000Z,0,21.37,0.17,0,0.37,1.178,365
2024-05-05T00:00:00.000Z,0,2.5,0.4,0.03,0.8,0.49,468
2024-05-06T00:00:00.000Z,0,5.23,0.37,0.1,0.67,0.496,577
2024-05-07T00:00:00.000Z,0,4.3,0.2,0.07,0.43,0.428,553
2024-05-08T00:00:00.000Z,0,3.1,0.47,0.13,0.9,0.514,576
2024-05-09T00:00:00.000Z,0,3.93,0.63,0.2,1.17,0.715,575
2024-05-10T00:00:00.000Z,0,4.9,0.13,0,0.32,0.46,577
2024-05-11T00:00:00.000Z,0,4.07,0.2,0,0.43,0.458,582
2024-05-12T00:00:00.000Z,0,5.63,0.1,0,0.28,0.383,581
2024-05-13T00:00:00.000Z,0,3.6,0.2,0,0.43,0.39,578
2024-05-14T00:00:00.000Z,0,2.5,0.2,0.07,0.47,0.354,579
2024-05-15T00:00:00.000Z,0,1.73,0.17,0,0.4,0.29,574
2024-05-16T00:00:00.000Z,0,3.65,0.28,0.09,0.6,0.402,576
2024-05-17T00:00:00.000Z,0,4.59,0.4,0.09,0.87,0.624,580
2024-05-18T00:00:00.000Z,0,4.13,0.32,0.1,0.67,0.481,581
2024-05-19T00:00:00.000Z,0,2.93,0.5,0.2,0.87,0.469,582
2024-05-20T00:00:00.000Z,0,3.2,0.17,0,0.3,0.314,580
2024-05-21T00:00:00.000Z,0,6.7,0.2,0.07,0.35,0.41,574
2024-05-22T00:00:00.000Z,0,5.03,0.3,0.1,0.5,0.458,582
2024-05-23T00:00:00.000Z,0,5.93,0.6,0.27,1.03,0.651,581
2024-05-24T00:00:00.000Z,0,7.4,0.97,0.47,1.63,0.857,582
2024-05-25T00:00:00.000Z,0,13.07,0.93,0.38,1.75,1.228,582
2024-05-26T00:00:00.000Z,0,11.33,1.38,0.8,2.52,1.953,582
2024-05-27T00:00:00.000Z,0,4.43,0.8,0.4,1.3,0.68,579
2024-05-28T00:00:00.000Z,0,7.23,0.73,0.35,1.27,0.757,563
2024-05-29T00:00:00.000Z,0,7,0.4,0.13,0.9,0.705,573
2024-05-30T00:00:00.000Z,0,6.07,0.4,0.2,0.8,0.553,581
2024-05-31T00:00:00.000Z,0,9.02,1.47,0.67,2.1,1.028,580
2024-06-01T00:00:00.000Z,0,6.13,1.2,0.63,1.85,0.93,563
2024-06-02T00:00:00.000Z,0,9.33,0.63,0.2,1.2,0.831,583
2024-06-03T00:00:00.000Z,0,9.52,0.6,0.2,1.07,0.753,579
2024-06-04T00:00:00.000Z,0,2.9,0.3,0.1,0.56,0.362,576
2024-06-05T00:00:00.000Z,0,5.2,0.5,0.2,0.93,0.659,576
2024-06-06T00:00:00.000Z,0,2.23,0.4,0.1,0.8,0.5,579
2024-06-07T00:00:00.000Z,0,6.43,0.3,0.1,0.6,0.49,577
2024-06-08T00:00:00.000Z,0,5.03,0.53,0.2,1.1,0.846,553
2024-06-09T00:00:00.000Z,0,2.73,0.13,0,0.4,0.334,570
2024-06-10T00:00:00.000Z,0,10.87,0.1,0,0.3,0.556,517
2024-06-11T00:00:00.000Z,0,5.3,0.13,0,0.39,0.426,564
2024-06-12T00:00:00.000Z,0,3.4,0.1,0,0.3,0.43,578
2024-06-13T00:00:00.000Z,0,4.26,0.2,0,0.43,0.446,572
2024-06-14T00:00:00.000Z,0,2.1,0.2,0.1,0.43,0.347,572
2024-06-15T00:00:00.000Z,0,5.07,0.7,0.33,1.1,0.645,509
2024-06-16T00:00:00.000Z,0,3.67,0.33,0.13,0.7,0.534,577
2024-06-17T00:00:00.000Z,0,4.8,0.23,0.1,0.53,0.694,571
2024-06-18T00:00:00.000Z,0,4.59,0.37,0.1,0.7,0.507,583
2024-06-19T00:00:00.000Z,0,2,0.13,0,0.4,0.276,571
2024-06-20T00:00:00.000Z,0,4.13,0.35,0.1,0.6,0.403,572
2024-06-21T00:00:00.000Z,0,5.17,0.3,0.1,0.56,0.522,569
2024-06-22T00:00:00.000Z,0,1.93,0.2,0.1,0.4,0.288,572
2024-06-23T00:00:00.000Z,0,2,0.17,0,0.4,0.277,568
2024-06-24T00:00:00.000Z,0,2.17,0.2,0.03,0.5,0.38,567
2024-06-25T00:00:00.000Z,0,3.38,0.23,0.1,0.43,0.327,573
2024-06-26T00:00:00.000Z,0,2.95,0.3,0.1,0.6,0.406,575
2024-06-27T00:00:00.000Z,0,7.8,0.4,0.2,0.7,0.574,578
2024-06-28T00:00:00.000Z,0,4.97,0.93,0.38,1.5,0.831,574
2024-06-29T00:00:00.000Z,0,4.26,0.34,0.13,0.63,0.455,574
2024-06-30T00:00:00.000Z,0,2.52,0.3,0.1,0.77,0.528,578
2024-07-01T00:00:00.000Z,0,7.73,0.3,0.1,0.5,0.473,564
2024-07-02T00:00:00.000Z,0,2.33,0.23,0.1,0.4,0.302,567
2024-07-03T00:00:00.000Z,0,3.2,0.17,0,0.44,0.348,577
2024-07-04T00:00:00.000Z,0,1.8,0.27,0.1,0.5,0.326,578
2024-07-05T00:00:00.000Z,0,4.73,0.2,0.1,0.47,0.418,578
2024-07-06T00:00:00.000Z,0,6.3,0.37,0.1,0.7,0.55,579
2024-07-07T00:00:00.000Z,0,1.8,0.3,0.02,0.5,0.309,580
2024-07-08T00:00:00.000Z,0,3.23,0.2,0.1,0.4,0.312,577
2024-07-09T00:00:00.000Z,0,2.52,0.2,0.07,0.3,0.277,579
2024-07-10T00:00:00.000Z,0,3.7,0.3,0.1,0.7,0.489,579
2024-07-11T00:00:00.000Z,0,4.76,0.36,0.1,0.88,0.886,576
2024-07-12T00:00:00.000Z,0,2.7,0.3,0.1,0.53,0.345,580
2024-07-13T00:00:00.000Z,0,3.87,0.87,0.4,1.7,0.86,579
2024-07-14T00:00:00.000Z,0,4.97,0.2,0.1,0.6,0.774,578
2024-07-15T00:00:00.000Z,0,5.09,0.2,0.1,0.4,0.353,570
2024-07-16T00:00:00.000Z,0,16.07,0.47,0.2,0.9,0.937,578
2024-07-17T00:00:00.000Z,0,6.7,0.6,0.3,1.6,1.119,578
2024-07-18T00:00:00.000Z,0,3.23,0.23,0.1,0.5,0.414,579
2024-07-19T00:00:00.000Z,0,1.3,0.2,0.1,0.33,0.213,569
2024-07-20T00:00:00.000Z,0,2.52,0.4,0.2,0.8,0.476,579
2024-07-21T00:00:00.000Z,0,5.63,1.42,0.6,2.35,1.151,578
2024-07-22T00:00:00.000Z,0,5.83,1.55,0.82,2.5,1.159,575
2024-07-23T00:00:00.000Z,0,4.47,0.77,0.23,1.5,0.932,575
2024-07-24T00:00:00.000Z,0,4.26,0.2,0.1,0.47,0.381,569
2024-07-25T00:00:00.000Z,0,5.03,0.3,0.1,0.6,0.452,572
2024-07-26T00:00:00.000Z,0,2.06,0.3,0.1,0.55,0.331,579
2024-07-27T00:00:00.000Z,0,3.87,0.2,0,0.6,0.449,578
2024-07-28T00:00:00.000Z,0,3.53,0.27,0.1,0.5,0.39,578
2024-07-29T00:00:00.000Z,0,2.4,0.17,0.1,0.3,0.248,576
2024-07-30T00:00:00.000Z,0,3.13,0.17,0.1,0.3,0.292,560
2024-07-31T00:00:00.000Z,0,5.57,0.5,0.2,0.9,0.575,567
2024-08-01T00:00:00.000Z,0,2.77,0.2,0.09,0.33,0.245,573
2024-08-02T00:00:00.000Z,0,2.23,0.2,0.1,0.43,0.344,575
2024-08-03T00:00:00.000Z,0,5.63,0.3,0.1,0.7,0.555,576
2024-08-04T00:00:00.000Z,0,4.59,0.5,0.1,1.33,0.885,570
2024-08-05T00:00:00.000Z,0,7.3,0.7,0.17,1.33,0.857,571
2024-08-06T00:00:00.000Z,0,5.87,0.75,0.2,1.37,0.953,553
2024-08-07T00:00:00.000Z,0,6.1,0.43,0.1,0.83,0.575,570
2024-08-08T00:00:00.000Z,0,4.26,0.52,0.17,1.03,0.63,560
2024-08-09T00:00:00.000Z,0,2.27,0.33,0.1,0.67,0.426,564
2024-08-10T00:00:00.000Z,0,7.7,0.47,0.23,0.7,0.505,565
2024-08-11T00:00:00.000Z,0,7,0.13,0.1,0.3,0.558,570
2024-08-12T00:00:00.000Z,0,6.5,0.1,0,0.1,0.315,565
2024-08-13T00:00:00.000Z,0,2.37,0.1,0,0.2,0.198,556
2024-08-14T00:00:00.000Z,0,1.6,0.1,0,0.2,0.192,523
2024-08-15T00:00:00.000Z,0,8,0.3,0.1,0.6,0.589,500
2024-08-16T00:00:00.000Z,0,3.4,0.4,0.1,0.77,0.504,467
2024-08-17T00:00:00.000Z,0,3.43,0.2,0,0.5,0.361,552
2024-08-18T00:00:00.000Z,0,3.5,0.3,0.1,0.6,0.421,551
2024-08-19T00:00:00.000Z,0,4.03,0.33,0.1,0.7,0.506,542
2024-08-20T00:00:00.000Z,0,5.2,0.3,0,0.77,0.575,538
2024-08-21T00:00:00.000Z,0,5.93,0.6,0.1,1.12,0.723,538
2024-08-22T00:00:00.000Z,0,2.43,0.3,0.1,0.63,0.433,546
2024-08-23T00:00:00.000Z,0,4.2,0.7,0.37,1.3,0.819,558
2024-08-24T00:00:00.000Z,0,3.53,0.47,0.2,0.77,0.47,571
2024-08-25T00:00:00.000Z,0,4.67,0.9,0.4,1.57,0.826,567
2024-08-26T00:00:00.000Z,0,7.07,1.03,0.5,1.63,1.154,513
2024-08-27T00:00:00.000Z,0,7.53,1.2,0.47,1.93,1.116,527
2024-08-28T00:00:00.000Z,0,3.7,0.53,0.1,1.1,0.658,526
2024-08-29T00:00:00.000Z,0,11.13,1.8,0.72,3.07,1.915,541
2024-08-30T00:00:00.000Z,0,9.77,0.8,0.23,1.7,1.419,558
2024-08-31T00:00:00.000Z,0,6.5,0.6,0.2,1.32,0.945,560
2024-09-01T00:00:00.000Z,0,3.07,0.28,0.1,0.56,0.449,562
2024-09-02T00:00:00.000Z,0,2.67,0,0,0.2,0.332,521
2024-09-03T00:00:00.000Z,0,2.2,0.4,0.1,0.77,0.47,558
2024-09-04T00:00:00.000Z,0,8.36,2.52,1.46,3.93,1.685,549
2024-09-05T00:00:00.000Z,0,11.2,1.97,1,3.03,1.568,541
2024-09-06T00:00:00.000Z,0,7.8,1.3,0.56,2.31,1.359,545
2024-09-07T00:00:00.000Z,0,7.8,1.9,0.75,3.3,1.821,480
2024-09-08T00:00:00.000Z,0,8.18,2.2,1.27,3.37,1.597,562
2024-09-09T00:00:00.000Z,0,8.3,1.73,1,2.6,1.157,494
2024-09-10T00:00:00.000Z,0,8.43,0.4,0.1,0.87,1.105,523
2024-09-11T00:00:00.000Z,0,10.23,0,0,0.47,0.743,529
2024-09-12T00:00:00.000Z,0,5.53,0,0,0.17,0.394,354
2024-09-13T00:00:00.000Z,0,4.17,0.03,0,0.13,0.38,515
2024-09-14T00:00:00.000Z,0,2,0.1,0,0.2,0.217,566
2024-09-15T00:00:00.000Z,0,7.53,0,0,0.2,0.386,563
2024-09-16T00:00:00.000Z,0,2.02,0.07,0,0.3,0.284,564
2024-09-17T00:00:00.000Z,0,10.73,0.1,0,0.23,0.518,562
2024-09-18T00:00:00.000Z,0,4.63,0.1,0,0.27,0.433,553
2024-09-19T00:00:00.000Z,0,3.8,0.13,0,0.4,0.449,557
2024-09-20T00:00:00.000Z,0,5.33,0.2,0.07,0.47,0.431,568
2024-09-21T00:00:00.000Z,0,2.57,0.2,0.07,0.47,0.366,570
2024-09-22T00:00:00.000Z,0,1.57,0.1,0,0.2,0.197,572
2024-09-23T00:00:00.000Z,0,4.5,0.2,0,0.56,0.594,567
2024-09-24T00:00:00.000Z,0,13.77,2.17,0.97,3.53,1.895,548
2024-09-25T00:00:00.000Z,0,8.23,0.7,0.27,1.57,1.483,531
2024-09-26T00:00:00.000Z,0,3.5,0.2,0.1,0.5,0.509,446
2024-09-27T00:00:00.000Z,0,1.5,0,0,0.17,0.234,353
2024-09-28T00:00:00.000Z,0,1.1,0.1,0,0.1,0.154,377
2024-09-29T00:00:00.000Z,0,8.69,0,0,0.1,0.457,505
2024-09-30T00:00:00.000Z,0,3.2,0,0,0.1,0.28,534
2024-10-01T00:00:00.000Z,0,8.77,0,0,0.2,0.675,424
2024-10-02T00:00:00.000Z,0,1.83,0.1,0,0.2,0.229,530
2024-10-03T00:00:00.000Z,0,2.63,0,0,0.27,0.36,555
2024-10-04T00:00:00.000Z,0,10.3,0,0,0.2,0.529,574
2024-10-05T00:00:00.000Z,0,4.37,0,0,0.2,0.298,572
2024-10-06T00:00:00.000Z,0,2.43,0.13,0,0.4,0.32,574
2024-10-07T00:00:00.000Z,0,2.27,0.1,0,0.27,0.292,571
2024-10-08T00:00:00.000Z,0,8.43,0.67,0.13,1.73,1.468,555
2024-10-09T00:00:00.000Z,0,6.33,0,0,0.9,1.385,561
2024-10-10T00:00:00.000Z,0,3.7,0.2,0,0.7,0.66,559
2024-10-11T00:00:00.000Z,0,1.4,0,0,0.2,0.204,526
2024-10-12T00:00:00.000Z,0,2.43,0.1,0,0.28,0.281,568
2024-10-13T00:00:00.000Z,0,2,0.1,0,0.33,0.321,575
2024-10-14T00:00:00.000Z,0,2,0,0,0.2,0.246,550
2024-10-15T00:00:00.000Z,0,2.43,0,0,0.13,0.227,568
2024-10-16T00:00:00.000Z,0,2.4,0,0,0.13,0.254,557
2024-10-17T00:00:00.000Z,0,7.67,0.2,0,0.43,0.515,571
2024-10-18T00:00:00.000Z,0,30.27,0.6,0.19,1.2,1.687,541
2024-10-19T00:00:00.000Z,0,6.7,0.43,0.1,0.9,0.734,575
2024-10-20T00:00:00.000Z,0,8.9,1.23,0.53,2.29,1.524,574
2024-10-21T00:00:00.000Z,0,10.37,1.33,0.83,2.2,1.401,564
2024-10-22T00:00:00.000Z,0,6.8,0.83,0.4,1.33,0.776,562
2024-10-23T00:00:00.000Z,0,3.6,0.5,0.3,0.87,0.502,553
2024-10-24T00:00:00.000Z,0,4.76,0.56,0.3,0.97,0.593,546
2024-10-25T00:00:00.000Z,0,5.23,0.5,0.2,1,0.701,458
2024-10-26T00:00:00.000Z,0,6.2,0.43,0.07,1.03,0.871,539
2024-10-27T00:00:00.000Z,0,31.83,1.23,0,4.12,2.837,569
2024-10-28T00:00:00.000Z,0,2.63,0.2,0,0.6,0.492,558
2024-10-29T00:00:00.000Z,0,4.23,0,0,0.23,0.312,560
2024-10-30T00:00:00.000Z,0,31,0.1,0,0.27,2.769,562
2024-10-31T00:00:00.000Z,0,5,0.2,0,0.53,0.5,571
2024-11-01T00:00:00.000Z,0,3.93,0.2,0.03,0.7,0.544,566
2024-11-02T00:00:00.000Z,0,1.6,0,0,0.13,0.185,565
2024-11-03T00:00:00.000Z,0,1.7,0.1,0,0.2,0.195,567
2024-11-04T00:00:00.000Z,0,1.8,0,0,0.1,0.18,511
2024-11-05T00:00:00.000Z,0,1.8,0.3,0.1,0.5,0.311,397
2024-11-06T00:00:00.000Z,0,3.13,0.4,0.2,0.7,0.465,366
2024-11-07T00:00:00.000Z,0,5.33,0,0,0.1,0.315,519
2024-11-08T00:00:00.000Z,0,6.67,0.1,0,0.3,0.509,477
2024-11-09T00:00:00.000Z,0,13,0.32,0,0.77,0.858,462
2024-11-10T00:00:00.000Z,0,2.52,0,0,0.2,0.318,449
2024-11-11T00:00:00.000Z,0,4.83,0.23,0,0.67,0.612,471
2024-11-12T00:00:00.000Z,0,7.03,0,0,0.1,0.586,356
2024-11-13T00:00:00.000Z,0,4.33,0.2,0,0.5,0.429,398
2024-11-14T00:00:00.000Z,0,1.83,0.2,0,0.43,0.351,366
2024-11-15T00:00:00.000Z,0,3.73,0.2,0.03,0.53,0.451,503
2024-11-16T00:00:00.000Z,0,4.6,0.43,0.13,0.93,0.547,519
2024-11-17T00:00:00.000Z,0,2.63,0.6,0.3,1,0.477,162